algorithm,dataset,accuracy,f1_score,f2_score,precision,recall,auc_score,pr_auc_score,perc_pred_missing,train_time_in_minutes,predict_time_in_minutes
rt_bin_class_gradient_boosting_sklearn,abalone_binarized_fold_0,0.8636,0.3294,0.3465,0.3043,0.359,0.8007,0.2526,0.0,0.2009,0.0122
rt_bin_class_gradient_boosting_sklearn,abalone_binarized_fold_1,0.8672,0.3509,0.3676,0.3261,0.3797,0.8206,0.2994,0.0,0.1779,0.0144
rt_bin_class_gradient_boosting_sklearn,abalone_binarized_fold_2,0.8826,0.3875,0.3934,0.378,0.3974,0.8415,0.3017,0.0,0.1807,0.0136
rt_bin_class_gradient_boosting_sklearn,abalone_binarized_fold_3,0.8563,0.3182,0.3415,0.2857,0.359,0.8129,0.2527,0.0,0.1769,0.0136
rt_bin_class_gradient_boosting_sklearn,abalone_binarized_fold_4,0.8731,0.4111,0.4469,0.3627,0.4744,0.8365,0.3425,0.0,0.1771,0.0137
rt_bin_class_gradient_boosting_sklearn,auction_fold_0,0.9902,0.963,0.9848,0.9286,1.0,1.0,1.0,0.0,0.0432,0.014
rt_bin_class_gradient_boosting_sklearn,auction_fold_1,0.9976,0.9905,0.9848,1.0,0.9811,0.9998,0.999,0.0,0.0438,0.0132
rt_bin_class_gradient_boosting_sklearn,auction_fold_2,0.9902,0.9615,0.9506,0.9804,0.9434,0.999,0.9948,0.0,0.0429,0.013
rt_bin_class_gradient_boosting_sklearn,auction_fold_3,0.9951,0.9811,0.9924,0.963,1.0,0.9968,0.9591,0.0,0.0429,0.0136
rt_bin_class_gradient_boosting_sklearn,auction_fold_4,1.0,1.0,1.0,1.0,1.0,1.0,1.0,0.0,0.0426,0.0135
rt_bin_class_gradient_boosting_sklearn,car_eval_binarized_fold_0,1.0,1.0,1.0,1.0,1.0,1.0,1.0,0.0,0.0522,0.0139
rt_bin_class_gradient_boosting_sklearn,car_eval_binarized_fold_1,1.0,1.0,1.0,1.0,1.0,1.0,1.0,0.0,0.0518,0.0129
rt_bin_class_gradient_boosting_sklearn,car_eval_binarized_fold_2,1.0,1.0,1.0,1.0,1.0,1.0,1.0,0.0,0.0525,0.0133
rt_bin_class_gradient_boosting_sklearn,car_eval_binarized_fold_3,0.9971,0.9804,0.969,1.0,0.9615,1.0,1.0,0.0,0.0517,0.014
rt_bin_class_gradient_boosting_sklearn,car_eval_binarized_fold_4,1.0,1.0,1.0,1.0,1.0,1.0,1.0,0.0,0.0538,0.0134
rt_bin_class_gradient_boosting_sklearn,chess_fold_0,0.9931,0.9091,0.9346,0.8696,0.9524,0.9997,0.9916,0.0,0.0538,0.0141
rt_bin_class_gradient_boosting_sklearn,chess_fold_1,0.9966,0.9545,0.9813,0.913,1.0,0.9982,0.9376,0.0,0.0545,0.0139
rt_bin_class_gradient_boosting_sklearn,chess_fold_2,0.9879,0.8571,0.9375,0.75,1.0,0.9986,0.9572,0.0,0.054,0.013
rt_bin_class_gradient_boosting_sklearn,chess_fold_3,0.9983,0.9756,0.9615,1.0,0.9524,0.9992,0.9855,0.0,0.0547,0.0139
rt_bin_class_gradient_boosting_sklearn,chess_fold_4,0.9879,0.8571,0.9375,0.75,1.0,0.9954,0.8437,0.0,0.0539,0.0139
rt_bin_class_gradient_boosting_sklearn,climate_simulation_crashes_fold_0,0.9352,0.9637,0.9548,0.9789,0.949,0.8755,0.9864,0.0,0.0742,0.0131
rt_bin_class_gradient_boosting_sklearn,climate_simulation_crashes_fold_1,0.9074,0.949,0.9432,0.9588,0.9394,0.8457,0.985,0.0,0.078,0.0136
rt_bin_class_gradient_boosting_sklearn,climate_simulation_crashes_fold_2,0.9444,0.97,0.9759,0.9604,0.9798,0.8586,0.9857,0.0,0.0771,0.0131
rt_bin_class_gradient_boosting_sklearn,climate_simulation_crashes_fold_3,0.9259,0.9588,0.947,0.9789,0.9394,0.9068,0.9906,0.0,0.0782,0.0144
rt_bin_class_gradient_boosting_sklearn,climate_simulation_crashes_fold_4,0.9444,0.9703,0.982,0.9515,0.9899,0.9237,0.9927,0.0,0.0772,0.0126
rt_bin_class_gradient_boosting_sklearn,club_loan_fold_0,0.8022,0.2055,0.1753,0.2882,0.1596,0.6041,0.2268,0.0,0.5089,0.0144
rt_bin_class_gradient_boosting_sklearn,club_loan_fold_1,0.8158,0.2032,0.165,0.3309,0.1466,0.642,0.2441,0.0,0.5168,0.0137
rt_bin_class_gradient_boosting_sklearn,club_loan_fold_2,0.798,0.1887,0.1609,0.2647,0.1466,0.6024,0.2214,0.0,0.5192,0.0135
rt_bin_class_gradient_boosting_sklearn,club_loan_fold_3,0.8073,0.1708,0.1394,0.2734,0.1242,0.6196,0.2298,0.0,0.5139,0.0142
rt_bin_class_gradient_boosting_sklearn,club_loan_fold_4,0.811,0.2298,0.1945,0.3293,0.1765,0.6037,0.2423,0.0,0.5184,0.0142
rt_bin_class_gradient_boosting_sklearn,coil_2000_fold_0,0.9308,0.1169,0.0891,0.2432,0.0769,0.701,0.1537,0.0,1.412,0.0164
rt_bin_class_gradient_boosting_sklearn,coil_2000_fold_1,0.9237,0.0741,0.0581,0.1364,0.0508,0.7108,0.1186,0.0,1.4417,0.0173
rt_bin_class_gradient_boosting_sklearn,coil_2000_fold_2,0.9318,0.1728,0.1365,0.3111,0.1197,0.7048,0.1572,0.0,1.3916,0.0173
rt_bin_class_gradient_boosting_sklearn,coil_2000_fold_3,0.9302,0.1161,0.0889,0.2368,0.0769,0.7401,0.1691,0.0,1.4326,0.0169
rt_bin_class_gradient_boosting_sklearn,coil_2000_fold_4,0.9318,0.1184,0.0895,0.2571,0.0769,0.7483,0.1411,0.0,1.4183,0.0173
rt_bin_class_gradient_boosting_sklearn,graduation_fold_0,0.8195,0.0615,0.0685,0.0526,0.0741,0.5899,0.111,0.0,0.0566,0.013
rt_bin_class_gradient_boosting_sklearn,graduation_fold_1,0.8669,0.2105,0.2174,0.2,0.2222,0.6711,0.1705,0.0,0.0557,0.0138
rt_bin_class_gradient_boosting_sklearn,graduation_fold_2,0.8546,0.1695,0.1786,0.1562,0.1852,0.6754,0.2342,0.0,0.0564,0.0138
rt_bin_class_gradient_boosting_sklearn,graduation_fold_3,0.8427,0.2319,0.2667,0.1905,0.2963,0.6885,0.1529,0.0,0.056,0.013
rt_bin_class_gradient_boosting_sklearn,graduation_fold_4,0.8338,0.1515,0.1701,0.1282,0.1852,0.6611,0.1642,0.0,0.0558,0.0141
rt_bin_class_gradient_boosting_sklearn,jm1_fold_0,0.7878,0.287,0.2433,0.4097,0.2209,0.7062,0.3839,0.0,0.8054,0.0148
rt_bin_class_gradient_boosting_sklearn,jm1_fold_1,0.8011,0.3961,0.3586,0.4797,0.3373,0.7186,0.4077,0.0,0.8004,0.0153
rt_bin_class_gradient_boosting_sklearn,jm1_fold_2,0.8089,0.4057,0.3617,0.509,0.3373,0.7223,0.4141,0.0,0.8129,0.0145
rt_bin_class_gradient_boosting_sklearn,jm1_fold_3,0.7974,0.3524,0.3086,0.4615,0.285,0.725,0.4063,0.0,0.8042,0.0147
rt_bin_class_gradient_boosting_sklearn,jm1_fold_4,0.7947,0.3695,0.3316,0.4564,0.3104,0.7283,0.418,0.0,0.8009,0.0151
rt_bin_class_gradient_boosting_sklearn,kc1_fold_0,0.8223,0.4361,0.4421,0.4265,0.4462,0.7786,0.3829,0.0,0.154,0.0139
rt_bin_class_gradient_boosting_sklearn,kc1_fold_1,0.846,0.4248,0.3896,0.5,0.3692,0.771,0.4031,0.0,0.1513,0.0137
rt_bin_class_gradient_boosting_sklearn,kc1_fold_2,0.8483,0.4386,0.4045,0.5102,0.3846,0.7793,0.4584,0.0,0.1526,0.0135
rt_bin_class_gradient_boosting_sklearn,kc1_fold_3,0.8649,0.544,0.5263,0.5763,0.5152,0.7993,0.5205,0.0,0.1533,0.0141
rt_bin_class_gradient_boosting_sklearn,kc1_fold_4,0.8219,0.359,0.3365,0.4038,0.3231,0.7267,0.4164,0.0,0.1519,0.0147
rt_bin_class_gradient_boosting_sklearn,letter_img_fold_0,0.998,0.9722,0.9642,0.9859,0.9589,0.9999,0.9986,0.0,0.8466,0.0154
rt_bin_class_gradient_boosting_sklearn,letter_img_fold_1,0.997,0.9586,0.9508,0.972,0.9456,0.9998,0.9946,0.0,0.8497,0.0145
rt_bin_class_gradient_boosting_sklearn,letter_img_fold_2,0.9975,0.965,0.9491,0.9928,0.9388,0.9991,0.9882,0.0,0.7833,0.0153
rt_bin_class_gradient_boosting_sklearn,letter_img_fold_3,0.9978,0.9697,0.9756,0.96,0.9796,0.9998,0.9951,0.0,0.8373,0.015
rt_bin_class_gradient_boosting_sklearn,letter_img_fold_4,0.9985,0.9795,0.9754,0.9862,0.9728,0.9999,0.9982,0.0,0.8164,0.0142
rt_bin_class_gradient_boosting_sklearn,mammography_fold_0,0.9835,0.6942,0.7581,0.6087,0.8077,0.9226,0.7454,0.0,0.3915,0.014
rt_bin_class_gradient_boosting_sklearn,mammography_fold_1,0.9848,0.6792,0.687,0.6667,0.6923,0.9167,0.7117,0.0,0.3884,0.0147
rt_bin_class_gradient_boosting_sklearn,mammography_fold_2,0.983,0.6481,0.6629,0.625,0.6731,0.9222,0.7057,0.0,0.3925,0.0136
rt_bin_class_gradient_boosting_sklearn,mammography_fold_3,0.9843,0.6729,0.6844,0.6545,0.6923,0.9294,0.7524,0.0,0.3845,0.0136
rt_bin_class_gradient_boosting_sklearn,mammography_fold_4,0.9835,0.6542,0.6654,0.6364,0.6731,0.9196,0.6071,0.0,0.3911,0.0142
rt_bin_class_gradient_boosting_sklearn,optical_digits_fold_0,0.9911,0.9528,0.9317,0.9902,0.9182,0.9994,0.995,0.0,0.8989,0.0156
rt_bin_class_gradient_boosting_sklearn,optical_digits_fold_1,0.9938,0.968,0.9601,0.9815,0.955,0.9991,0.9944,0.0,0.894,0.0155
rt_bin_class_gradient_boosting_sklearn,optical_digits_fold_2,0.9956,0.977,0.9636,1.0,0.955,0.9986,0.9926,0.0,0.8986,0.0142
rt_bin_class_gradient_boosting_sklearn,optical_digits_fold_3,0.9956,0.9772,0.9692,0.9907,0.964,0.9989,0.9936,0.0,0.8838,0.0149
rt_bin_class_gradient_boosting_sklearn,optical_digits_fold_4,0.992,0.9585,0.9455,0.9811,0.9369,0.9991,0.9929,0.0,0.8934,0.0151
rt_bin_class_gradient_boosting_sklearn,ozone_level_fold_0,0.9231,0.4179,0.4294,0.4,0.4375,0.9016,0.4052,0.0,0.9351,0.0154
rt_bin_class_gradient_boosting_sklearn,ozone_level_fold_1,0.931,0.4444,0.4403,0.4516,0.4375,0.8505,0.4471,0.0,0.923,0.0155
rt_bin_class_gradient_boosting_sklearn,ozone_level_fold_2,0.929,0.5,0.5357,0.45,0.5625,0.9337,0.4464,0.0,0.925,0.0154
rt_bin_class_gradient_boosting_sklearn,ozone_level_fold_3,0.927,0.4308,0.4348,0.4242,0.4375,0.8854,0.4442,0.0,0.9287,0.0151
rt_bin_class_gradient_boosting_sklearn,ozone_level_fold_4,0.9269,0.4308,0.4348,0.4242,0.4375,0.9107,0.4992,0.0,0.9345,0.0151
rt_bin_class_gradient_boosting_sklearn,page_blocks_fold_0,0.9699,0.8571,0.873,0.8319,0.8839,0.9879,0.9048,0.0,0.2923,0.0138
rt_bin_class_gradient_boosting_sklearn,page_blocks_fold_1,0.9799,0.9027,0.9075,0.8947,0.9107,0.9931,0.959,0.0,0.2923,0.0132
rt_bin_class_gradient_boosting_sklearn,page_blocks_fold_2,0.9598,0.824,0.8834,0.741,0.9279,0.9792,0.869,0.0,0.2899,0.0138
rt_bin_class_gradient_boosting_sklearn,page_blocks_fold_3,0.9717,0.8658,0.8818,0.8403,0.8929,0.9903,0.891,0.0,0.2963,0.0135
rt_bin_class_gradient_boosting_sklearn,page_blocks_fold_4,0.9707,0.8596,0.8688,0.8448,0.875,0.9855,0.897,0.0,0.292,0.0142
rt_bin_class_gradient_boosting_sklearn,pc1_fold_0,0.9144,0.3871,0.3947,0.375,0.4,0.8615,0.3162,0.0,0.1107,0.0136
rt_bin_class_gradient_boosting_sklearn,pc1_fold_1,0.9279,0.4667,0.4667,0.4667,0.4667,0.8296,0.3591,0.0,0.1113,0.0137
rt_bin_class_gradient_boosting_sklearn,pc1_fold_2,0.9234,0.4848,0.4938,0.4706,0.5,0.9087,0.6248,0.0,0.1148,0.0141
rt_bin_class_gradient_boosting_sklearn,pc1_fold_3,0.9324,0.4,0.3425,0.5556,0.3125,0.821,0.4441,0.0,0.1129,0.0132
rt_bin_class_gradient_boosting_sklearn,pc1_fold_4,0.9005,0.3125,0.3247,0.2941,0.3333,0.8117,0.2428,0.0,0.1119,0.0136
rt_bin_class_gradient_boosting_sklearn,pen_digits_fold_0,0.9982,0.9905,0.9877,0.9952,0.9858,0.9999,0.9994,0.0,0.7761,0.0135
rt_bin_class_gradient_boosting_sklearn,pen_digits_fold_1,0.9977,0.988,0.981,1.0,0.9763,1.0,0.9998,0.0,0.782,0.0137
rt_bin_class_gradient_boosting_sklearn,pen_digits_fold_2,0.9977,0.9881,0.9867,0.9905,0.9858,0.9999,0.9995,0.0,0.783,0.0154
rt_bin_class_gradient_boosting_sklearn,pen_digits_fold_3,0.9995,0.9976,0.9991,0.9953,1.0,1.0,0.9999,0.0,0.7932,0.0144
rt_bin_class_gradient_boosting_sklearn,pen_digits_fold_4,0.9977,0.9881,0.9838,0.9952,0.981,0.9973,0.9941,0.0,0.7906,0.0139
rt_bin_class_gradient_boosting_sklearn,pie_chart_fold_0,0.8333,0.0526,0.042,0.0909,0.037,0.6704,0.2466,0.0,0.1741,0.0134
rt_bin_class_gradient_boosting_sklearn,pie_chart_fold_1,0.8519,0.3846,0.3759,0.4,0.3704,0.8173,0.3958,0.0,0.1739,0.0142
rt_bin_class_gradient_boosting_sklearn,pie_chart_fold_2,0.8372,0.4444,0.4965,0.3784,0.5385,0.8258,0.4804,0.0,0.172,0.0149
rt_bin_class_gradient_boosting_sklearn,pie_chart_fold_3,0.8326,0.3077,0.3008,0.32,0.2963,0.7657,0.2718,0.0,0.1743,0.0138
rt_bin_class_gradient_boosting_sklearn,pie_chart_fold_4,0.8419,0.3704,0.3704,0.3704,0.3704,0.7967,0.3432,0.0,0.1732,0.0142
rt_bin_class_gradient_boosting_sklearn,satellite_fold_0,0.9931,0.7586,0.7432,0.7857,0.7333,0.9949,0.8436,0.0,0.8617,0.014
rt_bin_class_gradient_boosting_sklearn,satellite_fold_1,0.9902,0.6154,0.5634,0.7273,0.5333,0.8961,0.7199,0.0,0.8583,0.0145
rt_bin_class_gradient_boosting_sklearn,satellite_fold_2,0.9902,0.6154,0.5634,0.7273,0.5333,0.9292,0.7494,0.0,0.8795,0.013
rt_bin_class_gradient_boosting_sklearn,satellite_fold_3,0.9912,0.6897,0.6757,0.7143,0.6667,0.8608,0.716,0.0,0.8578,0.0147
rt_bin_class_gradient_boosting_sklearn,satellite_fold_4,0.9931,0.72,0.6429,0.9,0.6,0.9645,0.8828,0.0,0.8629,0.0153
rt_bin_class_gradient_boosting_sklearn,satimage_fold_0,0.9441,0.712,0.712,0.712,0.712,0.9685,0.8089,0.0,0.9755,0.0147
rt_bin_class_gradient_boosting_sklearn,satimage_fold_1,0.9472,0.7167,0.6992,0.7478,0.688,0.965,0.7865,0.0,0.9894,0.0142
rt_bin_class_gradient_boosting_sklearn,satimage_fold_2,0.9371,0.6873,0.7019,0.6642,0.712,0.9492,0.7558,0.0,0.9852,0.0152
rt_bin_class_gradient_boosting_sklearn,satimage_fold_3,0.9487,0.7027,0.6533,0.8041,0.624,0.963,0.7835,0.0,0.9857,0.014
rt_bin_class_gradient_boosting_sklearn,satimage_fold_4,0.9425,0.704,0.7006,0.7097,0.6984,0.9605,0.8007,0.0,0.978,0.014
rt_bin_class_gradient_boosting_sklearn,seismic_bumps_fold_0,0.8839,0.1429,0.1453,0.1389,0.1471,0.633,0.1,0.0,0.1286,0.0146
rt_bin_class_gradient_boosting_sklearn,seismic_bumps_fold_1,0.9033,0.2857,0.2907,0.2778,0.2941,0.7002,0.1978,0.0,0.1311,0.014
rt_bin_class_gradient_boosting_sklearn,seismic_bumps_fold_2,0.882,0.2078,0.2235,0.186,0.2353,0.6303,0.1587,0.0,0.1291,0.0145
rt_bin_class_gradient_boosting_sklearn,seismic_bumps_fold_3,0.8665,0.1481,0.1639,0.1277,0.1765,0.6423,0.1467,0.0,0.1285,0.0128
rt_bin_class_gradient_boosting_sklearn,seismic_bumps_fold_4,0.8721,0.175,0.1923,0.1522,0.2059,0.5587,0.1383,0.0,0.1287,0.014
rt_bin_class_gradient_boosting_sklearn,sick_euthyroid_fold_0,0.9731,0.8702,0.9253,0.7917,0.9661,0.9902,0.9336,0.0,0.1446,0.0147
rt_bin_class_gradient_boosting_sklearn,sick_euthyroid_fold_1,0.9668,0.8293,0.85,0.7969,0.8644,0.9783,0.8627,0.0,0.1439,0.0149
rt_bin_class_gradient_boosting_sklearn,sick_euthyroid_fold_2,0.9795,0.8889,0.8844,0.8966,0.8814,0.9915,0.9134,0.0,0.1442,0.0144
rt_bin_class_gradient_boosting_sklearn,sick_euthyroid_fold_3,0.9778,0.875,0.8566,0.9074,0.8448,0.9933,0.9495,0.0,0.1427,0.0144
rt_bin_class_gradient_boosting_sklearn,sick_euthyroid_fold_4,0.9684,0.8387,0.8725,0.7879,0.8966,0.9866,0.8794,0.0,0.1429,0.0138
rt_bin_class_gradient_boosting_sklearn,solar_flare_fold_0,0.8921,0.1667,0.2,0.1304,0.2308,0.7765,0.2032,0.0,0.0559,0.0141
rt_bin_class_gradient_boosting_sklearn,solar_flare_fold_1,0.9281,0.0909,0.0781,0.125,0.0714,0.6669,0.1171,0.0,0.0566,0.0131
rt_bin_class_gradient_boosting_sklearn,solar_flare_fold_2,0.9173,0.08,0.0746,0.0909,0.0714,0.5613,0.0684,0.0,0.0568,0.0144
rt_bin_class_gradient_boosting_sklearn,solar_flare_fold_3,0.8957,0.1212,0.1333,0.1053,0.1429,0.7399,0.1691,0.0,0.0553,0.0144
rt_bin_class_gradient_boosting_sklearn,solar_flare_fold_4,0.935,0.1,0.0847,0.1429,0.0769,0.6267,0.092,0.0,0.0571,0.014
rt_bin_class_gradient_boosting_sklearn,thoracic_surgery_fold_0,0.7766,0.8696,0.8728,0.8642,0.875,0.5674,0.8523,0.0,0.0302,0.0138
rt_bin_class_gradient_boosting_sklearn,thoracic_surgery_fold_1,0.8298,0.9059,0.939,0.8556,0.9625,0.4746,0.8445,0.0,0.0319,0.0131
rt_bin_class_gradient_boosting_sklearn,thoracic_surgery_fold_2,0.7447,0.85,0.85,0.85,0.85,0.6402,0.9245,0.0,0.0314,0.0141
rt_bin_class_gradient_boosting_sklearn,thoracic_surgery_fold_3,0.734,0.8447,0.8479,0.8395,0.85,0.4902,0.8781,0.0,0.031,0.0136
rt_bin_class_gradient_boosting_sklearn,thoracic_surgery_fold_4,0.7872,0.8734,0.8668,0.8846,0.8625,0.6701,0.9202,0.0,0.0302,0.0141
rt_bin_class_gradient_boosting_sklearn,thyroid_disease_fold_0,0.9841,0.8776,0.911,0.8269,0.9348,0.9855,0.9673,0.0,0.1677,0.0142
rt_bin_class_gradient_boosting_sklearn,thyroid_disease_fold_1,0.9881,0.9053,0.911,0.8958,0.9149,0.985,0.938,0.0,0.1669,0.0143
rt_bin_class_gradient_boosting_sklearn,thyroid_disease_fold_2,0.9814,0.8478,0.8478,0.8478,0.8478,0.9856,0.9468,0.0,0.1663,0.0138
rt_bin_class_gradient_boosting_sklearn,thyroid_disease_fold_3,0.9828,0.8687,0.9072,0.8113,0.9348,0.9949,0.9405,0.0,0.1674,0.0145
rt_bin_class_gradient_boosting_sklearn,thyroid_disease_fold_4,0.996,0.967,0.9607,0.9778,0.9565,0.9991,0.9864,0.0,0.1677,0.0143
rt_bin_class_gradient_boosting_sklearn,us_crime_fold_0,0.9499,0.6875,0.7143,0.6471,0.7333,0.9205,0.642,0.0,0.8935,0.0152
rt_bin_class_gradient_boosting_sklearn,us_crime_fold_1,0.9223,0.4918,0.4967,0.4839,0.5,0.8537,0.4296,0.0,0.9028,0.0156
rt_bin_class_gradient_boosting_sklearn,us_crime_fold_2,0.9223,0.4746,0.4698,0.4828,0.4667,0.9109,0.5118,0.0,0.8815,0.0151
rt_bin_class_gradient_boosting_sklearn,us_crime_fold_3,0.9148,0.4333,0.4333,0.4333,0.4333,0.9049,0.4476,0.0,0.8965,0.0149
rt_bin_class_gradient_boosting_sklearn,us_crime_fold_4,0.9271,0.5085,0.5034,0.5172,0.5,0.8763,0.5279,0.0,0.891,0.0154
rt_bin_class_gradient_boosting_sklearn,vowel_fold_0,1.0,1.0,1.0,1.0,1.0,1.0,1.0,0.0,0.0698,0.0143
rt_bin_class_gradient_boosting_sklearn,vowel_fold_1,1.0,1.0,1.0,1.0,1.0,1.0,1.0,0.0,0.0658,0.0139
rt_bin_class_gradient_boosting_sklearn,vowel_fold_2,0.9798,0.8889,0.8889,0.8889,0.8889,0.9981,0.9819,0.0,0.0646,0.0136
rt_bin_class_gradient_boosting_sklearn,vowel_fold_3,0.9949,0.973,0.989,0.9474,1.0,1.0,1.0,0.0,0.0638,0.0132
rt_bin_class_gradient_boosting_sklearn,vowel_fold_4,0.9949,0.9714,0.9551,1.0,0.9444,0.9718,0.9706,0.0,0.0682,0.0128
rt_bin_class_gradient_boosting_sklearn,wilt_fold_0,0.9855,0.875,0.9041,0.8305,0.9245,0.9808,0.9339,0.0,0.2027,0.0131
rt_bin_class_gradient_boosting_sklearn,wilt_fold_1,0.9835,0.8519,0.8712,0.8214,0.8846,0.9904,0.9223,0.0,0.2022,0.014
rt_bin_class_gradient_boosting_sklearn,wilt_fold_2,0.9886,0.8952,0.9004,0.8868,0.9038,0.9923,0.8974,0.0,0.2047,0.0141
rt_bin_class_gradient_boosting_sklearn,wilt_fold_3,0.9835,0.8596,0.9074,0.7903,0.9423,0.9928,0.9353,0.0,0.2032,0.0129
rt_bin_class_gradient_boosting_sklearn,wilt_fold_4,0.9804,0.8455,0.9319,0.7324,1.0,0.9983,0.9676,0.0,0.2038,0.0139
rt_bin_class_gradient_boosting_sklearn,wine_quality_fold_0,0.9541,0.3836,0.3804,0.3889,0.3784,0.8246,0.2842,0.0,0.3099,0.0139
rt_bin_class_gradient_boosting_sklearn,wine_quality_fold_1,0.952,0.254,0.2299,0.3077,0.2162,0.826,0.2708,0.0,0.31,0.0142
rt_bin_class_gradient_boosting_sklearn,wine_quality_fold_2,0.9561,0.3768,0.3611,0.4062,0.3514,0.8795,0.3794,0.0,0.311,0.0134
rt_bin_class_gradient_boosting_sklearn,wine_quality_fold_3,0.953,0.3429,0.3371,0.3529,0.3333,0.8127,0.3253,0.0,0.3091,0.0143
rt_bin_class_gradient_boosting_sklearn,wine_quality_fold_4,0.9561,0.3175,0.2924,0.3704,0.2778,0.7824,0.2727,0.0,0.3063,0.0143
rt_bin_class_gradient_boosting_sklearn,yeast_fold_0,0.9428,0.7018,0.6536,0.8,0.625,0.9622,0.7767,0.0,0.0561,0.0132
rt_bin_class_gradient_boosting_sklearn,yeast_fold_1,0.9596,0.8235,0.8383,0.8,0.8485,0.9832,0.8825,0.0,0.0575,0.013
rt_bin_class_gradient_boosting_sklearn,yeast_fold_2,0.9226,0.6933,0.7471,0.619,0.7879,0.9578,0.6488,0.0,0.0566,0.0137
rt_bin_class_gradient_boosting_sklearn,yeast_fold_3,0.9428,0.7536,0.7738,0.7222,0.7879,0.9532,0.7056,0.0,0.0567,0.0138
rt_bin_class_gradient_boosting_sklearn,yeast_fold_4,0.9324,0.6875,0.6875,0.6875,0.6875,0.888,0.7335,0.0,0.0571,0.0145
