algorithm,dataset,accuracy,f1_score,f2_score,precision,recall,auc_score,pr_auc_score,perc_pred_missing,train_time_in_minutes,predict_time_in_minutes
rt_bin_class_bagging_sklearn,abalone_binarized_fold_0,0.8325,0.3805,0.4674,0.2905,0.5513,0.8387,0.2831,0.0,0.0848,0.013
rt_bin_class_bagging_sklearn,abalone_binarized_fold_1,0.8505,0.3017,0.3245,0.27,0.3418,0.7982,0.296,0.0,0.0835,0.0129
rt_bin_class_bagging_sklearn,abalone_binarized_fold_2,0.824,0.3745,0.4691,0.2803,0.5641,0.8359,0.2816,0.0,0.0882,0.0139
rt_bin_class_bagging_sklearn,abalone_binarized_fold_3,0.8347,0.3301,0.3864,0.2656,0.4359,0.8278,0.2576,0.0,0.085,0.014
rt_bin_class_bagging_sklearn,abalone_binarized_fold_4,0.8539,0.396,0.4587,0.3226,0.5128,0.8537,0.3073,0.0,0.0882,0.0134
rt_bin_class_bagging_sklearn,auction_fold_0,0.9902,0.9615,0.9615,0.9615,0.9615,0.9992,0.9952,0.0,0.0228,0.0142
rt_bin_class_bagging_sklearn,auction_fold_1,0.9902,0.9636,0.9851,0.9298,1.0,0.9991,0.9934,0.0,0.0218,0.014
rt_bin_class_bagging_sklearn,auction_fold_2,0.9829,0.9369,0.963,0.8966,0.9811,0.9976,0.9832,0.0,0.0208,0.014
rt_bin_class_bagging_sklearn,auction_fold_3,0.973,0.9027,0.948,0.8361,0.9808,0.9964,0.9779,0.0,0.0217,0.0127
rt_bin_class_bagging_sklearn,auction_fold_4,0.9853,0.9455,0.9774,0.8966,1.0,1.0,1.0,0.0,0.0224,0.0136
rt_bin_class_bagging_sklearn,car_eval_binarized_fold_0,0.9942,0.9643,0.9854,0.931,1.0,0.9981,0.9761,0.0,0.0266,0.0134
rt_bin_class_bagging_sklearn,car_eval_binarized_fold_1,0.9711,0.8437,0.931,0.7297,1.0,0.9949,0.9221,0.0,0.0284,0.0138
rt_bin_class_bagging_sklearn,car_eval_binarized_fold_2,0.9827,0.9,0.9574,0.8182,1.0,0.9969,0.9602,0.0,0.0256,0.0136
rt_bin_class_bagging_sklearn,car_eval_binarized_fold_3,0.9768,0.8261,0.7661,0.95,0.7308,0.9923,0.896,0.0,0.0275,0.0144
rt_bin_class_bagging_sklearn,car_eval_binarized_fold_4,0.9913,0.9474,0.9783,0.9,1.0,0.9988,0.9844,0.0,0.0275,0.0143
rt_bin_class_bagging_sklearn,chess_fold_0,0.9793,0.7778,0.8974,0.6364,1.0,0.9983,0.9594,0.0,0.0235,0.0145
rt_bin_class_bagging_sklearn,chess_fold_1,0.9931,0.9091,0.9346,0.8696,0.9524,0.9962,0.8173,0.0,0.0231,0.0148
rt_bin_class_bagging_sklearn,chess_fold_2,0.9862,0.84,0.9292,0.7241,1.0,0.9963,0.8898,0.0,0.0238,0.0138
rt_bin_class_bagging_sklearn,chess_fold_3,0.9966,0.9524,0.9524,0.9524,0.9524,0.9753,0.9572,0.0,0.0227,0.0137
rt_bin_class_bagging_sklearn,chess_fold_4,0.9741,0.717,0.819,0.5938,0.9048,0.993,0.7721,0.0,0.0228,0.0141
rt_bin_class_bagging_sklearn,climate_simulation_crashes_fold_0,0.9352,0.9641,0.9611,0.9691,0.9592,0.8316,0.9741,0.0,0.0314,0.0133
rt_bin_class_bagging_sklearn,climate_simulation_crashes_fold_1,0.8981,0.943,0.9286,0.9681,0.9192,0.8692,0.9838,0.0,0.0304,0.0129
rt_bin_class_bagging_sklearn,climate_simulation_crashes_fold_2,0.9352,0.9648,0.9677,0.96,0.9697,0.9304,0.9932,0.0,0.0314,0.0135
rt_bin_class_bagging_sklearn,climate_simulation_crashes_fold_3,0.9537,0.9749,0.9778,0.97,0.9798,0.9596,0.9963,0.0,0.0324,0.0144
rt_bin_class_bagging_sklearn,climate_simulation_crashes_fold_4,0.9444,0.9703,0.982,0.9515,0.9899,0.9764,0.9979,0.0,0.0323,0.014
rt_bin_class_bagging_sklearn,club_loan_fold_0,0.7818,0.2344,0.2181,0.2678,0.2085,0.6309,0.2333,0.0,0.2504,0.0135
rt_bin_class_bagging_sklearn,club_loan_fold_1,0.7782,0.2451,0.2325,0.2695,0.2248,0.6148,0.2221,0.0,0.2619,0.0135
rt_bin_class_bagging_sklearn,club_loan_fold_2,0.7651,0.2347,0.2286,0.2456,0.2248,0.6141,0.2137,0.0,0.2651,0.0146
rt_bin_class_bagging_sklearn,club_loan_fold_3,0.7755,0.2294,0.2168,0.254,0.2092,0.6399,0.234,0.0,0.2594,0.015
rt_bin_class_bagging_sklearn,club_loan_fold_4,0.7796,0.2038,0.1865,0.2411,0.1765,0.6127,0.2241,0.0,0.2601,0.0135
rt_bin_class_bagging_sklearn,coil_2000_fold_0,0.9252,0.1302,0.1058,0.2115,0.094,0.728,0.135,0.0,0.6386,0.0156
rt_bin_class_bagging_sklearn,coil_2000_fold_1,0.917,0.1093,0.0931,0.1538,0.0847,0.6664,0.1308,0.0,0.6241,0.0162
rt_bin_class_bagging_sklearn,coil_2000_fold_2,0.9262,0.1714,0.1426,0.2586,0.1282,0.6884,0.1431,0.0,0.5922,0.0168
rt_bin_class_bagging_sklearn,coil_2000_fold_3,0.9211,0.1243,0.1042,0.1833,0.094,0.6876,0.1512,0.0,0.5714,0.0175
rt_bin_class_bagging_sklearn,coil_2000_fold_4,0.9313,0.129,0.0988,0.2632,0.0855,0.7462,0.1447,0.0,0.6084,0.0168
rt_bin_class_bagging_sklearn,graduation_fold_0,0.8195,0.1159,0.1333,0.0952,0.1481,0.5673,0.1247,0.0,0.0294,0.014
rt_bin_class_bagging_sklearn,graduation_fold_1,0.7811,0.1957,0.2601,0.1385,0.3333,0.6707,0.1332,0.0,0.0302,0.0127
rt_bin_class_bagging_sklearn,graduation_fold_2,0.7923,0.125,0.1553,0.0943,0.1852,0.6711,0.1262,0.0,0.03,0.0133
rt_bin_class_bagging_sklearn,graduation_fold_3,0.822,0.2857,0.3636,0.2105,0.4444,0.6665,0.1411,0.0,0.0283,0.0139
rt_bin_class_bagging_sklearn,graduation_fold_4,0.7567,0.1087,0.1445,0.0769,0.1852,0.5809,0.0908,0.0,0.0289,0.0128
rt_bin_class_bagging_sklearn,jm1_fold_0,0.7864,0.389,0.3656,0.4353,0.3515,0.7202,0.4224,0.0,0.3471,0.0141
rt_bin_class_bagging_sklearn,jm1_fold_1,0.7855,0.4111,0.3964,0.4382,0.3872,0.7325,0.4087,0.0,0.3516,0.0146
rt_bin_class_bagging_sklearn,jm1_fold_2,0.8016,0.449,0.4299,0.4848,0.4181,0.7685,0.4672,0.0,0.3564,0.0152
rt_bin_class_bagging_sklearn,jm1_fold_3,0.7933,0.4246,0.4059,0.4598,0.3943,0.7392,0.427,0.0,0.3543,0.0148
rt_bin_class_bagging_sklearn,jm1_fold_4,0.8057,0.4412,0.4128,0.4985,0.3957,0.7515,0.4441,0.0,0.361,0.0146
rt_bin_class_bagging_sklearn,kc1_fold_0,0.8128,0.4552,0.4853,0.4125,0.5077,0.8142,0.4725,0.0,0.0624,0.0136
rt_bin_class_bagging_sklearn,kc1_fold_1,0.8294,0.4194,0.4075,0.4407,0.4,0.8085,0.43,0.0,0.0618,0.013
rt_bin_class_bagging_sklearn,kc1_fold_2,0.8318,0.4818,0.497,0.4583,0.5077,0.7916,0.4421,0.0,0.0624,0.0133
rt_bin_class_bagging_sklearn,kc1_fold_3,0.8318,0.5235,0.562,0.4699,0.5909,0.8306,0.5589,0.0,0.0608,0.0135
rt_bin_class_bagging_sklearn,kc1_fold_4,0.8219,0.3802,0.3639,0.4107,0.3538,0.7766,0.4092,0.0,0.0608,0.0144
rt_bin_class_bagging_sklearn,letter_img_fold_0,0.9958,0.9408,0.931,0.9574,0.9247,0.9955,0.9822,0.0,0.277,0.015
rt_bin_class_bagging_sklearn,letter_img_fold_1,0.9955,0.9396,0.9472,0.9272,0.9524,0.992,0.9674,0.0,0.2794,0.0156
rt_bin_class_bagging_sklearn,letter_img_fold_2,0.9942,0.9215,0.9196,0.9247,0.9184,0.9988,0.976,0.0,0.2566,0.014
rt_bin_class_bagging_sklearn,letter_img_fold_3,0.9928,0.9037,0.9164,0.8831,0.9252,0.9955,0.9721,0.0,0.2645,0.0145
rt_bin_class_bagging_sklearn,letter_img_fold_4,0.994,0.9167,0.9053,0.9362,0.898,0.9954,0.9717,0.0,0.2556,0.015
rt_bin_class_bagging_sklearn,mammography_fold_0,0.9709,0.5695,0.7003,0.4343,0.8269,0.9136,0.7243,0.0,0.1499,0.0131
rt_bin_class_bagging_sklearn,mammography_fold_1,0.9844,0.6729,0.6844,0.6545,0.6923,0.914,0.6925,0.0,0.1398,0.014
rt_bin_class_bagging_sklearn,mammography_fold_2,0.9714,0.5616,0.6788,0.4362,0.7885,0.9163,0.6941,0.0,0.1541,0.0129
rt_bin_class_bagging_sklearn,mammography_fold_3,0.9794,0.5965,0.6296,0.5484,0.6538,0.9434,0.6979,0.0,0.147,0.0142
rt_bin_class_bagging_sklearn,mammography_fold_4,0.9754,0.5378,0.5818,0.4776,0.6154,0.8955,0.5385,0.0,0.1552,0.0136
rt_bin_class_bagging_sklearn,optical_digits_fold_0,0.9831,0.91,0.8872,0.9505,0.8727,0.996,0.9754,0.0,0.3621,0.0152
rt_bin_class_bagging_sklearn,optical_digits_fold_1,0.9831,0.9091,0.8764,0.9694,0.8559,0.9897,0.9606,0.0,0.3478,0.0149
rt_bin_class_bagging_sklearn,optical_digits_fold_2,0.9849,0.9202,0.8974,0.9608,0.8829,0.9962,0.973,0.0,0.3591,0.0155
rt_bin_class_bagging_sklearn,optical_digits_fold_3,0.9893,0.9444,0.929,0.9714,0.9189,0.9938,0.9747,0.0,0.3963,0.0154
rt_bin_class_bagging_sklearn,optical_digits_fold_4,0.9724,0.8473,0.8022,0.9348,0.7748,0.986,0.9207,0.0,0.3757,0.0155
rt_bin_class_bagging_sklearn,ozone_level_fold_0,0.9191,0.4058,0.4242,0.3784,0.4375,0.8638,0.3886,0.0,0.4702,0.0144
rt_bin_class_bagging_sklearn,ozone_level_fold_1,0.925,0.4412,0.4573,0.4167,0.4688,0.8394,0.3353,0.0,0.4721,0.0144
rt_bin_class_bagging_sklearn,ozone_level_fold_2,0.925,0.5128,0.5747,0.4348,0.625,0.922,0.4414,0.0,0.4756,0.015
rt_bin_class_bagging_sklearn,ozone_level_fold_3,0.9191,0.3881,0.3988,0.3714,0.4062,0.8565,0.342,0.0,0.4558,0.0158
rt_bin_class_bagging_sklearn,ozone_level_fold_4,0.9269,0.4638,0.4848,0.4324,0.5,0.901,0.4001,0.0,0.4285,0.0141
rt_bin_class_bagging_sklearn,page_blocks_fold_0,0.9644,0.8382,0.8752,0.7829,0.9018,0.9877,0.898,0.0,0.0864,0.0142
rt_bin_class_bagging_sklearn,page_blocks_fold_1,0.9726,0.877,0.9224,0.8106,0.9554,0.9955,0.9597,0.0,0.0892,0.0141
rt_bin_class_bagging_sklearn,page_blocks_fold_2,0.9616,0.8293,0.8808,0.7556,0.9189,0.9756,0.8978,0.0,0.088,0.0138
rt_bin_class_bagging_sklearn,page_blocks_fold_3,0.9689,0.8522,0.8657,0.8305,0.875,0.9911,0.9343,0.0,0.09,0.0136
rt_bin_class_bagging_sklearn,page_blocks_fold_4,0.9698,0.8653,0.9122,0.797,0.9464,0.9908,0.9237,0.0,0.0893,0.0135
rt_bin_class_bagging_sklearn,pc1_fold_0,0.8829,0.35,0.4118,0.28,0.4667,0.8536,0.4858,0.0,0.0434,0.0132
rt_bin_class_bagging_sklearn,pc1_fold_1,0.9144,0.4571,0.5,0.4,0.5333,0.8873,0.5164,0.0,0.0458,0.014
rt_bin_class_bagging_sklearn,pc1_fold_2,0.955,0.7059,0.7317,0.6667,0.75,0.9439,0.6884,0.0,0.0444,0.0132
rt_bin_class_bagging_sklearn,pc1_fold_3,0.8964,0.439,0.5056,0.36,0.5625,0.8824,0.4356,0.0,0.0431,0.0133
rt_bin_class_bagging_sklearn,pc1_fold_4,0.8869,0.3902,0.4651,0.3077,0.5333,0.8385,0.3307,0.0,0.0446,0.0141
rt_bin_class_bagging_sklearn,pen_digits_fold_0,0.9968,0.9832,0.9762,0.9951,0.9716,0.9996,0.9971,0.0,0.2371,0.0139
rt_bin_class_bagging_sklearn,pen_digits_fold_1,0.9941,0.969,0.9648,0.976,0.9621,0.9981,0.9905,0.0,0.2291,0.014
rt_bin_class_bagging_sklearn,pen_digits_fold_2,0.9936,0.9667,0.9639,0.9713,0.9621,0.9996,0.9963,0.0,0.2422,0.0134
rt_bin_class_bagging_sklearn,pen_digits_fold_3,0.9964,0.9811,0.9839,0.9765,0.9858,0.9998,0.9979,0.0,0.2397,0.0154
rt_bin_class_bagging_sklearn,pen_digits_fold_4,0.9923,0.9586,0.9435,0.985,0.9336,0.9985,0.9887,0.0,0.2182,0.014
rt_bin_class_bagging_sklearn,pie_chart_fold_0,0.8333,0.2174,0.1969,0.2632,0.1852,0.7496,0.2666,0.0,0.0715,0.014
rt_bin_class_bagging_sklearn,pie_chart_fold_1,0.8287,0.4478,0.5068,0.375,0.5556,0.8474,0.3859,0.0,0.0691,0.0131
rt_bin_class_bagging_sklearn,pie_chart_fold_2,0.8093,0.4225,0.5034,0.3333,0.5769,0.8215,0.3773,0.0,0.0698,0.0145
rt_bin_class_bagging_sklearn,pie_chart_fold_3,0.8279,0.4127,0.4514,0.3611,0.4815,0.7894,0.3027,0.0,0.071,0.0145
rt_bin_class_bagging_sklearn,pie_chart_fold_4,0.8326,0.3793,0.3957,0.3548,0.4074,0.829,0.3612,0.0,0.071,0.013
rt_bin_class_bagging_sklearn,satellite_fold_0,0.9912,0.6897,0.6757,0.7143,0.6667,0.9914,0.7307,0.0,0.2684,0.0148
rt_bin_class_bagging_sklearn,satellite_fold_1,0.9902,0.6667,0.6667,0.6667,0.6667,0.9173,0.7382,0.0,0.2338,0.0134
rt_bin_class_bagging_sklearn,satellite_fold_2,0.9804,0.4737,0.5422,0.3913,0.6,0.9429,0.5662,0.0,0.2355,0.0149
rt_bin_class_bagging_sklearn,satellite_fold_3,0.9873,0.6286,0.6875,0.55,0.7333,0.9898,0.7425,0.0,0.2393,0.0144
rt_bin_class_bagging_sklearn,satellite_fold_4,0.9931,0.7407,0.6944,0.8333,0.6667,0.988,0.8124,0.0,0.2257,0.0144
rt_bin_class_bagging_sklearn,satimage_fold_0,0.9285,0.6642,0.7011,0.6107,0.728,0.9563,0.7592,0.0,0.5833,0.0135
rt_bin_class_bagging_sklearn,satimage_fold_1,0.9262,0.6304,0.6408,0.6136,0.648,0.9538,0.7093,0.0,0.5599,0.014
rt_bin_class_bagging_sklearn,satimage_fold_2,0.9176,0.6214,0.6641,0.5613,0.696,0.9275,0.6927,0.0,0.5617,0.0133
rt_bin_class_bagging_sklearn,satimage_fold_3,0.9371,0.6639,0.6494,0.6897,0.64,0.9488,0.7343,0.0,0.575,0.0145
rt_bin_class_bagging_sklearn,satimage_fold_4,0.9262,0.6667,0.7164,0.5975,0.754,0.9484,0.7477,0.0,0.5701,0.0144
rt_bin_class_bagging_sklearn,seismic_bumps_fold_0,0.8569,0.1591,0.1842,0.1296,0.2059,0.6725,0.1181,0.0,0.0555,0.013
rt_bin_class_bagging_sklearn,seismic_bumps_fold_1,0.8685,0.1905,0.2151,0.16,0.2353,0.7348,0.147,0.0,0.0571,0.014
rt_bin_class_bagging_sklearn,seismic_bumps_fold_2,0.882,0.2469,0.2732,0.2128,0.2941,0.7581,0.2237,0.0,0.0544,0.0135
rt_bin_class_bagging_sklearn,seismic_bumps_fold_3,0.8723,0.2326,0.266,0.1923,0.2941,0.6902,0.1858,0.0,0.0556,0.0133
rt_bin_class_bagging_sklearn,seismic_bumps_fold_4,0.8275,0.1682,0.2153,0.1233,0.2647,0.6484,0.1491,0.0,0.0577,0.0142
rt_bin_class_bagging_sklearn,sick_euthyroid_fold_0,0.9684,0.8507,0.9164,0.76,0.9661,0.985,0.9527,0.0,0.0617,0.0142
rt_bin_class_bagging_sklearn,sick_euthyroid_fold_1,0.97,0.8504,0.8882,0.7941,0.9153,0.9763,0.8486,0.0,0.0595,0.0141
rt_bin_class_bagging_sklearn,sick_euthyroid_fold_2,0.9747,0.8667,0.8754,0.8525,0.8814,0.9924,0.9024,0.0,0.0617,0.0136
rt_bin_class_bagging_sklearn,sick_euthyroid_fold_3,0.981,0.8983,0.9075,0.8833,0.9138,0.98,0.9363,0.0,0.0639,0.0144
rt_bin_class_bagging_sklearn,sick_euthyroid_fold_4,0.9731,0.8618,0.8923,0.8154,0.9138,0.9914,0.908,0.0,0.0597,0.0149
rt_bin_class_bagging_sklearn,solar_flare_fold_0,0.8921,0.2105,0.2597,0.16,0.3077,0.8128,0.129,0.0,0.0284,0.0136
rt_bin_class_bagging_sklearn,solar_flare_fold_1,0.9281,0.2857,0.2857,0.2857,0.2857,0.7853,0.1651,0.0,0.0299,0.0138
rt_bin_class_bagging_sklearn,solar_flare_fold_2,0.9173,0.0,0.0,0.0,0.0,0.6956,0.0936,0.0,0.0291,0.0134
rt_bin_class_bagging_sklearn,solar_flare_fold_3,0.8921,0.1176,0.1316,0.1,0.1429,0.7351,0.117,0.0,0.0285,0.0132
rt_bin_class_bagging_sklearn,solar_flare_fold_4,0.9278,0.2308,0.2308,0.2308,0.2308,0.7149,0.1336,0.0,0.0274,0.0134
rt_bin_class_bagging_sklearn,thoracic_surgery_fold_0,0.7872,0.8765,0.8831,0.8659,0.8875,0.6277,0.9076,0.0,0.0203,0.0135
rt_bin_class_bagging_sklearn,thoracic_surgery_fold_1,0.8511,0.9157,0.936,0.8837,0.95,0.5777,0.8744,0.0,0.0214,0.0132
rt_bin_class_bagging_sklearn,thoracic_surgery_fold_2,0.7234,0.8354,0.8291,0.8462,0.825,0.6607,0.9228,0.0,0.0218,0.0128
rt_bin_class_bagging_sklearn,thoracic_surgery_fold_3,0.7021,0.8205,0.8081,0.8421,0.8,0.5268,0.8761,0.0,0.0228,0.0139
rt_bin_class_bagging_sklearn,thoracic_surgery_fold_4,0.6809,0.8,0.7692,0.8571,0.75,0.6138,0.8922,0.0,0.0206,0.0141
rt_bin_class_bagging_sklearn,thyroid_disease_fold_0,0.9801,0.8515,0.8996,0.7818,0.9348,0.9976,0.968,0.0,0.0581,0.0139
rt_bin_class_bagging_sklearn,thyroid_disease_fold_1,0.9854,0.8866,0.9034,0.86,0.9149,0.9967,0.9562,0.0,0.0568,0.013
rt_bin_class_bagging_sklearn,thyroid_disease_fold_2,0.992,0.9375,0.9615,0.9,0.9783,0.9977,0.9633,0.0,0.0573,0.0142
rt_bin_class_bagging_sklearn,thyroid_disease_fold_3,0.9828,0.866,0.8936,0.8235,0.913,0.9971,0.9713,0.0,0.0572,0.0141
rt_bin_class_bagging_sklearn,thyroid_disease_fold_4,0.9854,0.8866,0.9149,0.8431,0.9348,0.9974,0.9696,0.0,0.0577,0.0129
rt_bin_class_bagging_sklearn,us_crime_fold_0,0.9123,0.557,0.6509,0.449,0.7333,0.9252,0.5144,0.0,0.4365,0.0152
rt_bin_class_bagging_sklearn,us_crime_fold_1,0.9148,0.4516,0.4605,0.4375,0.4667,0.8709,0.4439,0.0,0.4935,0.0148
rt_bin_class_bagging_sklearn,us_crime_fold_2,0.8997,0.4595,0.5183,0.3864,0.5667,0.8989,0.456,0.0,0.5002,0.0148
rt_bin_class_bagging_sklearn,us_crime_fold_3,0.9148,0.4688,0.487,0.4412,0.5,0.8953,0.3986,0.0,0.4614,0.0146
rt_bin_class_bagging_sklearn,us_crime_fold_4,0.8894,0.4211,0.4819,0.3478,0.5333,0.8632,0.3188,0.0,0.4613,0.0154
rt_bin_class_bagging_sklearn,vowel_fold_0,0.9899,0.9444,0.9444,0.9444,0.9444,0.9997,0.997,0.0,0.03,0.0143
rt_bin_class_bagging_sklearn,vowel_fold_1,0.9798,0.8947,0.9239,0.85,0.9444,0.9972,0.9753,0.0,0.0289,0.014
rt_bin_class_bagging_sklearn,vowel_fold_2,0.9444,0.7442,0.8247,0.64,0.8889,0.9838,0.8771,0.0,0.0295,0.014
rt_bin_class_bagging_sklearn,vowel_fold_3,0.9848,0.9189,0.9341,0.8947,0.9444,0.9975,0.9783,0.0,0.0296,0.0131
rt_bin_class_bagging_sklearn,vowel_fold_4,0.9746,0.8718,0.914,0.8095,0.9444,0.9936,0.9535,0.0,0.0298,0.0138
rt_bin_class_bagging_sklearn,wilt_fold_0,0.9824,0.8547,0.9058,0.7812,0.9434,0.9843,0.9125,0.0,0.0688,0.0128
rt_bin_class_bagging_sklearn,wilt_fold_1,0.9824,0.844,0.8679,0.807,0.8846,0.9882,0.873,0.0,0.0666,0.0129
rt_bin_class_bagging_sklearn,wilt_fold_2,0.9855,0.8704,0.8902,0.8393,0.9038,0.9847,0.8987,0.0,0.0681,0.013
rt_bin_class_bagging_sklearn,wilt_fold_3,0.9752,0.8095,0.9043,0.6892,0.9808,0.9953,0.9116,0.0,0.0666,0.0125
rt_bin_class_bagging_sklearn,wilt_fold_4,0.9669,0.7612,0.8793,0.622,0.9808,0.9963,0.9408,0.0,0.0685,0.0135
rt_bin_class_bagging_sklearn,wine_quality_fold_0,0.9235,0.3363,0.4241,0.25,0.5135,0.8501,0.2567,0.0,0.1341,0.0138
rt_bin_class_bagging_sklearn,wine_quality_fold_1,0.9327,0.3654,0.4419,0.2836,0.5135,0.8824,0.2852,0.0,0.1335,0.0143
rt_bin_class_bagging_sklearn,wine_quality_fold_2,0.9418,0.4466,0.5374,0.3485,0.6216,0.9037,0.4462,0.0,0.1347,0.0146
rt_bin_class_bagging_sklearn,wine_quality_fold_3,0.9326,0.2667,0.303,0.2222,0.3333,0.7954,0.2789,0.0,0.1415,0.0142
rt_bin_class_bagging_sklearn,wine_quality_fold_4,0.9551,0.3529,0.3409,0.375,0.3333,0.8555,0.3505,0.0,0.136,0.0138
rt_bin_class_bagging_sklearn,yeast_fold_0,0.963,0.8358,0.8589,0.8,0.875,0.9873,0.8565,0.0,0.0297,0.0136
rt_bin_class_bagging_sklearn,yeast_fold_1,0.9663,0.8611,0.9064,0.7949,0.9394,0.9858,0.8879,0.0,0.0288,0.0131
rt_bin_class_bagging_sklearn,yeast_fold_2,0.9327,0.7436,0.8192,0.6444,0.8788,0.9737,0.8149,0.0,0.0268,0.0127
rt_bin_class_bagging_sklearn,yeast_fold_3,0.9394,0.7568,0.8092,0.6829,0.8485,0.9593,0.8243,0.0,0.0278,0.014
rt_bin_class_bagging_sklearn,yeast_fold_4,0.9493,0.7887,0.8383,0.7179,0.875,0.9628,0.8051,0.0,0.0266,0.0133
