algorithm,dataset,accuracy,f1_score,f2_score,precision,recall,auc_score,pr_auc_score,perc_pred_missing,train_time_in_minutes,predict_time_in_minutes
rt_bin_class_extra_trees_sklearn,abalone_binarized_fold_0,0.8325,0.3269,0.3846,0.2615,0.4359,0.8278,0.2594,0.0,0.0328,0.0137
rt_bin_class_extra_trees_sklearn,abalone_binarized_fold_1,0.8577,0.3959,0.4493,0.3305,0.4937,0.8228,0.2675,0.0,0.0329,0.0149
rt_bin_class_extra_trees_sklearn,abalone_binarized_fold_2,0.8359,0.3251,0.3776,0.264,0.4231,0.8339,0.2593,0.0,0.0329,0.0142
rt_bin_class_extra_trees_sklearn,abalone_binarized_fold_3,0.8539,0.2907,0.3079,0.266,0.3205,0.8274,0.2693,0.0,0.0329,0.0135
rt_bin_class_extra_trees_sklearn,abalone_binarized_fold_4,0.8503,0.4131,0.4922,0.3259,0.5641,0.8414,0.2868,0.0,0.0333,0.014
rt_bin_class_extra_trees_sklearn,auction_fold_0,0.9535,0.8041,0.7708,0.8667,0.75,0.9854,0.9112,0.0,0.0232,0.0138
rt_bin_class_extra_trees_sklearn,auction_fold_1,0.9633,0.8352,0.76,1.0,0.717,0.9897,0.9551,0.0,0.0228,0.0136
rt_bin_class_extra_trees_sklearn,auction_fold_2,0.9535,0.8,0.748,0.9048,0.717,0.9847,0.8972,0.0,0.0222,0.0144
rt_bin_class_extra_trees_sklearn,auction_fold_3,0.951,0.7872,0.74,0.881,0.7115,0.9801,0.8554,0.0,0.0231,0.0134
rt_bin_class_extra_trees_sklearn,auction_fold_4,0.9412,0.7273,0.6557,0.8889,0.6154,0.9757,0.8714,0.0,0.0227,0.0144
rt_bin_class_extra_trees_sklearn,car_eval_binarized_fold_0,0.9942,0.9643,0.9854,0.931,1.0,0.9997,0.996,0.0,0.0238,0.0132
rt_bin_class_extra_trees_sklearn,car_eval_binarized_fold_1,0.9884,0.931,0.9712,0.871,1.0,0.9981,0.9771,0.0,0.0246,0.0142
rt_bin_class_extra_trees_sklearn,car_eval_binarized_fold_2,0.9855,0.9057,0.8955,0.9231,0.8889,0.9983,0.9815,0.0,0.0242,0.0138
rt_bin_class_extra_trees_sklearn,car_eval_binarized_fold_3,0.9797,0.8444,0.7724,1.0,0.7308,0.9981,0.9776,0.0,0.0234,0.0138
rt_bin_class_extra_trees_sklearn,car_eval_binarized_fold_4,0.9942,0.9615,0.9398,1.0,0.9259,0.9997,0.996,0.0,0.0244,0.0137
rt_bin_class_extra_trees_sklearn,chess_fold_0,0.9983,0.9767,0.9906,0.9545,1.0,0.9999,0.9978,0.0,0.0243,0.014
rt_bin_class_extra_trees_sklearn,chess_fold_1,0.9931,0.9048,0.9048,0.9048,0.9048,0.9967,0.8251,0.0,0.0238,0.0134
rt_bin_class_extra_trees_sklearn,chess_fold_2,0.9897,0.8696,0.9174,0.8,0.9524,0.9991,0.9797,0.0,0.0233,0.0129
rt_bin_class_extra_trees_sklearn,chess_fold_3,0.9983,0.9756,0.9615,1.0,0.9524,0.9999,0.9978,0.0,0.0235,0.0134
rt_bin_class_extra_trees_sklearn,chess_fold_4,0.9914,0.8936,0.9545,0.8077,1.0,0.9934,0.7331,0.0,0.0235,0.0135
rt_bin_class_extra_trees_sklearn,climate_simulation_crashes_fold_0,0.9167,0.9561,0.982,0.9159,1.0,0.8612,0.9751,0.0,0.0217,0.0137
rt_bin_class_extra_trees_sklearn,climate_simulation_crashes_fold_1,0.9074,0.951,0.9681,0.9238,0.9798,0.9046,0.9909,0.0,0.0211,0.0129
rt_bin_class_extra_trees_sklearn,climate_simulation_crashes_fold_2,0.9167,0.9565,0.9821,0.9167,1.0,0.9467,0.9952,0.0,0.0227,0.0138
rt_bin_class_extra_trees_sklearn,climate_simulation_crashes_fold_3,0.9352,0.9659,0.9861,0.934,1.0,0.9635,0.9966,0.0,0.021,0.0136
rt_bin_class_extra_trees_sklearn,climate_simulation_crashes_fold_4,0.9352,0.9659,0.9861,0.934,1.0,0.9231,0.9927,0.0,0.0235,0.0144
rt_bin_class_extra_trees_sklearn,club_loan_fold_0,0.7949,0.2457,0.2219,0.2991,0.2085,0.6178,0.2339,0.0,0.0718,0.0158
rt_bin_class_extra_trees_sklearn,club_loan_fold_1,0.7771,0.2194,0.2044,0.25,0.1954,0.6289,0.2237,0.0,0.0672,0.0146
rt_bin_class_extra_trees_sklearn,club_loan_fold_2,0.7777,0.2052,0.1887,0.2402,0.1792,0.6106,0.2138,0.0,0.0685,0.0143
rt_bin_class_extra_trees_sklearn,club_loan_fold_3,0.7697,0.2277,0.2183,0.2453,0.2124,0.6243,0.2223,0.0,0.0674,0.0146
rt_bin_class_extra_trees_sklearn,club_loan_fold_4,0.7781,0.223,0.2082,0.2531,0.1993,0.5945,0.2126,0.0,0.0672,0.0158
rt_bin_class_extra_trees_sklearn,coil_2000_fold_0,0.9109,0.1546,0.1434,0.1778,0.1368,0.6838,0.1231,0.0,0.1069,0.0173
rt_bin_class_extra_trees_sklearn,coil_2000_fold_1,0.9201,0.1229,0.1032,0.1803,0.0932,0.6377,0.1237,0.0,0.1067,0.017
rt_bin_class_extra_trees_sklearn,coil_2000_fold_2,0.9114,0.13,0.118,0.1566,0.1111,0.641,0.1086,0.0,0.1064,0.0186
rt_bin_class_extra_trees_sklearn,coil_2000_fold_3,0.9078,0.1084,0.0993,0.1279,0.094,0.6445,0.125,0.0,0.1074,0.0164
rt_bin_class_extra_trees_sklearn,coil_2000_fold_4,0.914,0.1152,0.1015,0.1486,0.094,0.676,0.1366,0.0,0.1082,0.0175
rt_bin_class_extra_trees_sklearn,graduation_fold_0,0.858,0.1724,0.1799,0.1613,0.1852,0.6426,0.1215,0.0,0.0241,0.014
rt_bin_class_extra_trees_sklearn,graduation_fold_1,0.8166,0.1143,0.1325,0.093,0.1481,0.6328,0.108,0.0,0.0235,0.0131
rt_bin_class_extra_trees_sklearn,graduation_fold_2,0.8635,0.2333,0.2482,0.2121,0.2593,0.6952,0.1479,0.0,0.0242,0.0137
rt_bin_class_extra_trees_sklearn,graduation_fold_3,0.8042,0.1538,0.1887,0.1176,0.2222,0.6698,0.12,0.0,0.0231,0.0128
rt_bin_class_extra_trees_sklearn,graduation_fold_4,0.8101,0.1111,0.1307,0.0889,0.1481,0.6666,0.1106,0.0,0.0227,0.0139
rt_bin_class_extra_trees_sklearn,jm1_fold_0,0.7823,0.406,0.393,0.4297,0.3848,0.7302,0.4333,0.0,0.0819,0.016
rt_bin_class_extra_trees_sklearn,jm1_fold_1,0.791,0.4458,0.4391,0.4575,0.4347,0.7534,0.4497,0.0,0.0825,0.0164
rt_bin_class_extra_trees_sklearn,jm1_fold_2,0.7933,0.4526,0.446,0.4638,0.4418,0.7828,0.4761,0.0,0.0827,0.0165
rt_bin_class_extra_trees_sklearn,jm1_fold_3,0.791,0.4248,0.409,0.4541,0.399,0.7528,0.4235,0.0,0.0844,0.0155
rt_bin_class_extra_trees_sklearn,jm1_fold_4,0.7951,0.4311,0.4122,0.4669,0.4005,0.7513,0.4542,0.0,0.0835,0.0148
rt_bin_class_extra_trees_sklearn,kc1_fold_0,0.8223,0.4186,0.4167,0.4219,0.4154,0.8387,0.4572,0.0,0.0292,0.0131
rt_bin_class_extra_trees_sklearn,kc1_fold_1,0.8412,0.4274,0.4006,0.4808,0.3846,0.8335,0.4258,0.0,0.0293,0.014
rt_bin_class_extra_trees_sklearn,kc1_fold_2,0.8365,0.4889,0.5,0.4714,0.5077,0.8242,0.5075,0.0,0.0278,0.0148
rt_bin_class_extra_trees_sklearn,kc1_fold_3,0.8294,0.4706,0.479,0.4571,0.4848,0.8201,0.4908,0.0,0.0294,0.0136
rt_bin_class_extra_trees_sklearn,kc1_fold_4,0.8242,0.4308,0.4308,0.4308,0.4308,0.7996,0.4279,0.0,0.0275,0.0148
rt_bin_class_extra_trees_sklearn,letter_img_fold_0,0.998,0.9718,0.9557,1.0,0.9452,1.0,0.9994,0.0,0.0827,0.015
rt_bin_class_extra_trees_sklearn,letter_img_fold_1,0.9975,0.9648,0.9448,1.0,0.932,0.9999,0.9983,0.0,0.0826,0.0146
rt_bin_class_extra_trees_sklearn,letter_img_fold_2,0.9972,0.9614,0.9435,0.9928,0.932,0.9999,0.9973,0.0,0.0824,0.016
rt_bin_class_extra_trees_sklearn,letter_img_fold_3,0.9988,0.9829,0.9809,0.9863,0.9796,1.0,0.9988,0.0,0.0819,0.0143
rt_bin_class_extra_trees_sklearn,letter_img_fold_4,0.9978,0.9684,0.9504,1.0,0.9388,1.0,0.9994,0.0,0.0823,0.0159
rt_bin_class_extra_trees_sklearn,mammography_fold_0,0.9857,0.7241,0.7721,0.6562,0.8077,0.944,0.7749,0.0,0.0444,0.0146
rt_bin_class_extra_trees_sklearn,mammography_fold_1,0.987,0.729,0.7414,0.7091,0.75,0.9522,0.7923,0.0,0.0445,0.0137
rt_bin_class_extra_trees_sklearn,mammography_fold_2,0.9776,0.6269,0.7241,0.5122,0.8077,0.9457,0.7277,0.0,0.0445,0.015
rt_bin_class_extra_trees_sklearn,mammography_fold_3,0.9803,0.6563,0.7394,0.5526,0.8077,0.9738,0.7517,0.0,0.0453,0.0145
rt_bin_class_extra_trees_sklearn,mammography_fold_4,0.9812,0.6111,0.625,0.5893,0.6346,0.9328,0.6445,0.0,0.0449,0.0144
rt_bin_class_extra_trees_sklearn,optical_digits_fold_0,0.992,0.9577,0.9392,0.9903,0.9273,0.9996,0.9967,0.0,0.0496,0.016
rt_bin_class_extra_trees_sklearn,optical_digits_fold_1,0.9938,0.9677,0.9545,0.9906,0.9459,0.9997,0.9968,0.0,0.0497,0.015
rt_bin_class_extra_trees_sklearn,optical_digits_fold_2,0.9947,0.9722,0.9563,1.0,0.9459,0.9994,0.9956,0.0,0.0495,0.0156
rt_bin_class_extra_trees_sklearn,optical_digits_fold_3,0.9938,0.9674,0.9489,1.0,0.9369,0.9997,0.9977,0.0,0.0502,0.015
rt_bin_class_extra_trees_sklearn,optical_digits_fold_4,0.9911,0.9533,0.9324,0.9903,0.9189,0.9997,0.9975,0.0,0.0498,0.0149
rt_bin_class_extra_trees_sklearn,ozone_level_fold_0,0.9349,0.4,0.3642,0.4783,0.3438,0.9508,0.5719,0.0,0.0383,0.0139
rt_bin_class_extra_trees_sklearn,ozone_level_fold_1,0.9389,0.5079,0.5031,0.5161,0.5,0.8803,0.5342,0.0,0.0393,0.0143
rt_bin_class_extra_trees_sklearn,ozone_level_fold_2,0.9349,0.5075,0.5215,0.4857,0.5312,0.9352,0.4792,0.0,0.0385,0.0153
rt_bin_class_extra_trees_sklearn,ozone_level_fold_3,0.931,0.4262,0.414,0.4483,0.4062,0.8561,0.3918,0.0,0.039,0.0145
rt_bin_class_extra_trees_sklearn,ozone_level_fold_4,0.9328,0.4848,0.4938,0.4706,0.5,0.9103,0.5065,0.0,0.0413,0.0145
rt_bin_class_extra_trees_sklearn,page_blocks_fold_0,0.968,0.8548,0.8925,0.7984,0.9196,0.9918,0.9276,0.0,0.0327,0.0132
rt_bin_class_extra_trees_sklearn,page_blocks_fold_1,0.9763,0.8879,0.9067,0.8583,0.9196,0.9941,0.9422,0.0,0.0328,0.0132
rt_bin_class_extra_trees_sklearn,page_blocks_fold_2,0.9625,0.8327,0.8824,0.7612,0.9189,0.9668,0.8595,0.0,0.0328,0.0138
rt_bin_class_extra_trees_sklearn,page_blocks_fold_3,0.9707,0.8584,0.863,0.8509,0.8661,0.9833,0.9401,0.0,0.0325,0.0133
rt_bin_class_extra_trees_sklearn,page_blocks_fold_4,0.9726,0.8684,0.8777,0.8534,0.8839,0.9848,0.9052,0.0,0.0326,0.013
rt_bin_class_extra_trees_sklearn,pc1_fold_0,0.9054,0.3636,0.3846,0.3333,0.4,0.8,0.3598,0.0,0.0255,0.0133
rt_bin_class_extra_trees_sklearn,pc1_fold_1,0.9369,0.5,0.4795,0.5385,0.4667,0.909,0.5907,0.0,0.0236,0.0134
rt_bin_class_extra_trees_sklearn,pc1_fold_2,0.955,0.6429,0.5921,0.75,0.5625,0.9644,0.6864,0.0,0.0241,0.0144
rt_bin_class_extra_trees_sklearn,pc1_fold_3,0.9369,0.4167,0.3472,0.625,0.3125,0.8195,0.3916,0.0,0.0246,0.0138
rt_bin_class_extra_trees_sklearn,pc1_fold_4,0.8778,0.3077,0.3571,0.25,0.4,0.7638,0.2904,0.0,0.0238,0.0139
rt_bin_class_extra_trees_sklearn,pen_digits_fold_0,0.9986,0.9929,0.9915,0.9952,0.9905,1.0,0.9998,0.0,0.0493,0.0137
rt_bin_class_extra_trees_sklearn,pen_digits_fold_1,0.9982,0.9904,0.9848,1.0,0.981,1.0,1.0,0.0,0.0485,0.0131
rt_bin_class_extra_trees_sklearn,pen_digits_fold_2,0.9977,0.9881,0.9838,0.9952,0.981,1.0,0.9996,0.0,0.0487,0.0137
rt_bin_class_extra_trees_sklearn,pen_digits_fold_3,0.9995,0.9976,0.9962,1.0,0.9953,1.0,1.0,0.0,0.0481,0.0149
rt_bin_class_extra_trees_sklearn,pen_digits_fold_4,0.9991,0.9953,0.9953,0.9953,0.9953,0.9996,0.9937,0.0,0.0482,0.014
rt_bin_class_extra_trees_sklearn,pie_chart_fold_0,0.8426,0.2273,0.2,0.2941,0.1852,0.8117,0.2966,0.0,0.0273,0.0143
rt_bin_class_extra_trees_sklearn,pie_chart_fold_1,0.8426,0.3929,0.4015,0.3793,0.4074,0.808,0.3893,0.0,0.0271,0.014
rt_bin_class_extra_trees_sklearn,pie_chart_fold_2,0.8372,0.5205,0.6291,0.4043,0.7308,0.8742,0.4167,0.0,0.0269,0.0139
rt_bin_class_extra_trees_sklearn,pie_chart_fold_3,0.8605,0.4444,0.4444,0.4444,0.4444,0.8582,0.402,0.0,0.0273,0.0141
rt_bin_class_extra_trees_sklearn,pie_chart_fold_4,0.8186,0.3158,0.3261,0.3,0.3333,0.8418,0.3884,0.0,0.0263,0.0131
rt_bin_class_extra_trees_sklearn,satellite_fold_0,0.9941,0.8,0.8,0.8,0.8,0.9983,0.924,0.0,0.0382,0.0145
rt_bin_class_extra_trees_sklearn,satellite_fold_1,0.9902,0.5833,0.5072,0.7778,0.4667,0.9146,0.6906,0.0,0.0368,0.0141
rt_bin_class_extra_trees_sklearn,satellite_fold_2,0.9941,0.7692,0.7042,0.9091,0.6667,0.9934,0.8148,0.0,0.0383,0.0143
rt_bin_class_extra_trees_sklearn,satellite_fold_3,0.9931,0.7586,0.7432,0.7857,0.7333,0.9882,0.7896,0.0,0.0372,0.0143
rt_bin_class_extra_trees_sklearn,satellite_fold_4,0.9941,0.75,0.6522,1.0,0.6,0.9596,0.9081,0.0,0.0374,0.0147
rt_bin_class_extra_trees_sklearn,satimage_fold_0,0.9479,0.7197,0.7003,0.7544,0.688,0.9741,0.8312,0.0,0.0554,0.0148
rt_bin_class_extra_trees_sklearn,satimage_fold_1,0.9347,0.6693,0.6757,0.6589,0.68,0.9654,0.7924,0.0,0.0556,0.0137
rt_bin_class_extra_trees_sklearn,satimage_fold_2,0.9371,0.6747,0.6731,0.6774,0.672,0.9586,0.7948,0.0,0.0539,0.0139
rt_bin_class_extra_trees_sklearn,satimage_fold_3,0.9378,0.6694,0.6564,0.6923,0.648,0.9604,0.7841,0.0,0.0546,0.0145
rt_bin_class_extra_trees_sklearn,satimage_fold_4,0.9518,0.754,0.754,0.754,0.754,0.9749,0.843,0.0,0.0558,0.0144
rt_bin_class_extra_trees_sklearn,seismic_bumps_fold_0,0.8859,0.169,0.1734,0.1622,0.1765,0.6572,0.103,0.0,0.0316,0.0147
rt_bin_class_extra_trees_sklearn,seismic_bumps_fold_1,0.9033,0.0385,0.0325,0.0556,0.0294,0.6878,0.1149,0.0,0.0294,0.0141
rt_bin_class_extra_trees_sklearn,seismic_bumps_fold_2,0.8956,0.2059,0.2059,0.2059,0.2059,0.7073,0.1717,0.0,0.0306,0.0141
rt_bin_class_extra_trees_sklearn,seismic_bumps_fold_3,0.8917,0.1765,0.1765,0.1765,0.1765,0.7065,0.1295,0.0,0.03,0.0143
rt_bin_class_extra_trees_sklearn,seismic_bumps_fold_4,0.8973,0.1311,0.1227,0.1481,0.1176,0.6379,0.1211,0.0,0.0291,0.0138
rt_bin_class_extra_trees_sklearn,sick_euthyroid_fold_0,0.9652,0.8197,0.8361,0.7937,0.8475,0.9846,0.8928,0.0,0.0328,0.0135
rt_bin_class_extra_trees_sklearn,sick_euthyroid_fold_1,0.9494,0.75,0.7869,0.6957,0.8136,0.9538,0.8141,0.0,0.0332,0.0138
rt_bin_class_extra_trees_sklearn,sick_euthyroid_fold_2,0.97,0.8319,0.8103,0.8704,0.7966,0.9676,0.8383,0.0,0.0337,0.0144
rt_bin_class_extra_trees_sklearn,sick_euthyroid_fold_3,0.9573,0.7523,0.7244,0.8039,0.7069,0.9774,0.8756,0.0,0.0345,0.0149
rt_bin_class_extra_trees_sklearn,sick_euthyroid_fold_4,0.9541,0.7521,0.756,0.7458,0.7586,0.9682,0.8243,0.0,0.0339,0.0142
rt_bin_class_extra_trees_sklearn,solar_flare_fold_0,0.8849,0.1111,0.1333,0.087,0.1538,0.7311,0.1582,0.0,0.0257,0.0141
rt_bin_class_extra_trees_sklearn,solar_flare_fold_1,0.9317,0.2963,0.2899,0.3077,0.2857,0.7925,0.1815,0.0,0.0257,0.0138
rt_bin_class_extra_trees_sklearn,solar_flare_fold_2,0.9137,0.0769,0.0735,0.0833,0.0714,0.6184,0.0789,0.0,0.0259,0.0134
rt_bin_class_extra_trees_sklearn,solar_flare_fold_3,0.8921,0.1176,0.1316,0.1,0.1429,0.6717,0.1416,0.0,0.0262,0.0146
rt_bin_class_extra_trees_sklearn,solar_flare_fold_4,0.9422,0.2,0.1695,0.2857,0.1538,0.5661,0.0898,0.0,0.0264,0.0143
rt_bin_class_extra_trees_sklearn,thoracic_surgery_fold_0,0.8298,0.9048,0.9314,0.8636,0.95,0.5853,0.8867,0.0,0.0211,0.0133
rt_bin_class_extra_trees_sklearn,thoracic_surgery_fold_1,0.8085,0.8929,0.9191,0.8523,0.9375,0.6281,0.9047,0.0,0.022,0.0125
rt_bin_class_extra_trees_sklearn,thoracic_surgery_fold_2,0.7979,0.882,0.8853,0.8765,0.8875,0.6737,0.9095,0.0,0.0216,0.0138
rt_bin_class_extra_trees_sklearn,thoracic_surgery_fold_3,0.7766,0.8696,0.8728,0.8642,0.875,0.6,0.9116,0.0,0.021,0.0138
rt_bin_class_extra_trees_sklearn,thoracic_surgery_fold_4,0.7766,0.8645,0.8481,0.8933,0.8375,0.7103,0.9326,0.0,0.0215,0.0141
rt_bin_class_extra_trees_sklearn,thyroid_disease_fold_0,0.9868,0.8864,0.8628,0.9286,0.8478,0.9975,0.9689,0.0,0.0338,0.0135
rt_bin_class_extra_trees_sklearn,thyroid_disease_fold_1,0.9775,0.809,0.7826,0.8571,0.766,0.9897,0.8895,0.0,0.0345,0.0137
rt_bin_class_extra_trees_sklearn,thyroid_disease_fold_2,0.9629,0.641,0.5787,0.7812,0.5435,0.9735,0.8031,0.0,0.0338,0.014
rt_bin_class_extra_trees_sklearn,thyroid_disease_fold_3,0.9735,0.7826,0.7826,0.7826,0.7826,0.9856,0.8582,0.0,0.0352,0.0137
rt_bin_class_extra_trees_sklearn,thyroid_disease_fold_4,0.9721,0.7692,0.7642,0.7778,0.7609,0.9803,0.8522,0.0,0.0347,0.0144
rt_bin_class_extra_trees_sklearn,us_crime_fold_0,0.9323,0.6087,0.6604,0.5385,0.7,0.9468,0.593,0.0,0.0373,0.016
rt_bin_class_extra_trees_sklearn,us_crime_fold_1,0.9223,0.5079,0.5229,0.4848,0.5333,0.8954,0.4932,0.0,0.0385,0.0156
rt_bin_class_extra_trees_sklearn,us_crime_fold_2,0.9223,0.4918,0.4967,0.4839,0.5,0.9344,0.5207,0.0,0.0387,0.0155
rt_bin_class_extra_trees_sklearn,us_crime_fold_3,0.9373,0.4681,0.4015,0.6471,0.3667,0.904,0.511,0.0,0.0372,0.0153
rt_bin_class_extra_trees_sklearn,us_crime_fold_4,0.9322,0.5263,0.5102,0.5556,0.5,0.9201,0.5781,0.0,0.0375,0.0144
rt_bin_class_extra_trees_sklearn,vowel_fold_0,1.0,1.0,1.0,1.0,1.0,1.0,1.0,0.0,0.0223,0.0138
rt_bin_class_extra_trees_sklearn,vowel_fold_1,1.0,1.0,1.0,1.0,1.0,1.0,1.0,0.0,0.0226,0.014
rt_bin_class_extra_trees_sklearn,vowel_fold_2,1.0,1.0,1.0,1.0,1.0,1.0,1.0,0.0,0.021,0.0133
rt_bin_class_extra_trees_sklearn,vowel_fold_3,1.0,1.0,1.0,1.0,1.0,1.0,1.0,0.0,0.0221,0.0144
rt_bin_class_extra_trees_sklearn,vowel_fold_4,0.9949,0.9714,0.9551,1.0,0.9444,1.0,1.0,0.0,0.0215,0.0131
rt_bin_class_extra_trees_sklearn,wilt_fold_0,0.9835,0.8571,0.8856,0.8136,0.9057,0.9855,0.8959,0.0,0.0305,0.0133
rt_bin_class_extra_trees_sklearn,wilt_fold_1,0.9855,0.8654,0.8654,0.8654,0.8654,0.9935,0.9413,0.0,0.03,0.0142
rt_bin_class_extra_trees_sklearn,wilt_fold_2,0.9866,0.8687,0.8431,0.9149,0.8269,0.9916,0.8784,0.0,0.0296,0.0134
rt_bin_class_extra_trees_sklearn,wilt_fold_3,0.9866,0.8785,0.8935,0.8545,0.9038,0.9934,0.9261,0.0,0.0293,0.0137
rt_bin_class_extra_trees_sklearn,wilt_fold_4,0.9866,0.8829,0.9176,0.8305,0.9423,0.9956,0.9617,0.0,0.0293,0.0128
rt_bin_class_extra_trees_sklearn,wine_quality_fold_0,0.9429,0.3913,0.4433,0.3273,0.4865,0.9087,0.485,0.0,0.0388,0.0139
rt_bin_class_extra_trees_sklearn,wine_quality_fold_1,0.9582,0.3692,0.3409,0.4286,0.3243,0.8976,0.3697,0.0,0.0371,0.0136
rt_bin_class_extra_trees_sklearn,wine_quality_fold_2,0.9633,0.55,0.5759,0.5116,0.5946,0.9271,0.5541,0.0,0.0377,0.013
rt_bin_class_extra_trees_sklearn,wine_quality_fold_3,0.9551,0.3529,0.3409,0.375,0.3333,0.8536,0.3458,0.0,0.0374,0.0143
rt_bin_class_extra_trees_sklearn,wine_quality_fold_4,0.952,0.3562,0.3591,0.3514,0.3611,0.9013,0.3694,0.0,0.0371,0.0152
rt_bin_class_extra_trees_sklearn,yeast_fold_0,0.9461,0.7037,0.6333,0.8636,0.5938,0.9827,0.8729,0.0,0.0212,0.0132
rt_bin_class_extra_trees_sklearn,yeast_fold_1,0.963,0.8451,0.8824,0.7895,0.9091,0.9859,0.9241,0.0,0.0214,0.014
rt_bin_class_extra_trees_sklearn,yeast_fold_2,0.936,0.7532,0.8239,0.6591,0.8788,0.9683,0.7932,0.0,0.0218,0.0141
rt_bin_class_extra_trees_sklearn,yeast_fold_3,0.9327,0.697,0.697,0.697,0.697,0.9745,0.8504,0.0,0.0215,0.0133
rt_bin_class_extra_trees_sklearn,yeast_fold_4,0.9459,0.7333,0.7051,0.7857,0.6875,0.9538,0.8072,0.0,0.0205,0.014
