algorithm,dataset,accuracy,f1_score,f2_score,precision,recall,auc_score,pr_auc_score,perc_pred_missing,train_time_in_minutes,predict_time_in_minutes
rt_bin_class_logistic_regression_sklearn,abalone_binarized_fold_0,0.7153,0.3533,0.5399,0.2241,0.8333,0.8326,0.2793,0.0,0.0257,0.014
rt_bin_class_logistic_regression_sklearn,abalone_binarized_fold_1,0.7057,0.3422,0.5237,0.2169,0.8101,0.8195,0.2746,0.0,0.0214,0.0125
rt_bin_class_logistic_regression_sklearn,abalone_binarized_fold_2,0.7222,0.373,0.5712,0.2363,0.8846,0.8524,0.2761,0.0,0.0231,0.0138
rt_bin_class_logistic_regression_sklearn,abalone_binarized_fold_3,0.7234,0.3807,0.5848,0.2407,0.9103,0.8663,0.3278,0.0,0.0181,0.0136
rt_bin_class_logistic_regression_sklearn,abalone_binarized_fold_4,0.6874,0.3556,0.5634,0.2202,0.9231,0.8541,0.3121,0.0,0.0201,0.015
rt_bin_class_logistic_regression_sklearn,auction_fold_0,0.6797,0.361,0.5125,0.2418,0.7115,0.7788,0.3354,0.0,0.0152,0.0135
rt_bin_class_logistic_regression_sklearn,auction_fold_1,0.7188,0.4041,0.554,0.2786,0.7358,0.7897,0.3481,0.0,0.0145,0.0136
rt_bin_class_logistic_regression_sklearn,auction_fold_2,0.7042,0.3858,0.5337,0.2639,0.717,0.7651,0.2734,0.0,0.0143,0.0129
rt_bin_class_logistic_regression_sklearn,auction_fold_3,0.701,0.3776,0.5256,0.2569,0.7115,0.7678,0.3164,0.0,0.0151,0.0138
rt_bin_class_logistic_regression_sklearn,auction_fold_4,0.7083,0.3568,0.4839,0.2481,0.6346,0.7516,0.2327,0.0,0.0157,0.013
rt_bin_class_logistic_regression_sklearn,car_eval_binarized_fold_0,0.9855,0.9153,0.9643,0.8438,1.0,0.9978,0.9679,0.0,0.0182,0.0145
rt_bin_class_logistic_regression_sklearn,car_eval_binarized_fold_1,0.974,0.8571,0.9375,0.75,1.0,0.9965,0.96,0.0,0.0194,0.0136
rt_bin_class_logistic_regression_sklearn,car_eval_binarized_fold_2,0.9798,0.8814,0.9286,0.8125,0.963,0.9978,0.9752,0.0,0.0184,0.0132
rt_bin_class_logistic_regression_sklearn,car_eval_binarized_fold_3,0.9739,0.8525,0.9353,0.7429,1.0,1.0,1.0,0.0,0.0183,0.0142
rt_bin_class_logistic_regression_sklearn,car_eval_binarized_fold_4,0.9797,0.8852,0.9507,0.7941,1.0,0.9981,0.9773,0.0,0.0192,0.0143
rt_bin_class_logistic_regression_sklearn,chess_fold_0,0.9776,0.7347,0.8036,0.6429,0.8571,0.9939,0.8956,0.0,0.0166,0.0142
rt_bin_class_logistic_regression_sklearn,chess_fold_1,0.9776,0.7636,0.8898,0.6176,1.0,0.9974,0.9234,0.0,0.0168,0.0136
rt_bin_class_logistic_regression_sklearn,chess_fold_2,0.9776,0.7636,0.8898,0.6176,1.0,0.995,0.8817,0.0,0.0167,0.0161
rt_bin_class_logistic_regression_sklearn,chess_fold_3,0.9776,0.7636,0.8898,0.6176,1.0,0.9979,0.9536,0.0,0.0165,0.0164
rt_bin_class_logistic_regression_sklearn,chess_fold_4,0.9776,0.7636,0.8898,0.6176,1.0,0.9954,0.8892,0.0,0.0176,0.0145
rt_bin_class_logistic_regression_sklearn,climate_simulation_crashes_fold_0,0.9352,0.9641,0.9611,0.9691,0.9592,0.8929,0.9819,0.0,0.0164,0.0131
rt_bin_class_logistic_regression_sklearn,climate_simulation_crashes_fold_1,0.8981,0.9424,0.9221,0.9783,0.9091,0.9416,0.9944,0.0,0.0169,0.0131
rt_bin_class_logistic_regression_sklearn,climate_simulation_crashes_fold_2,0.9444,0.9688,0.9509,1.0,0.9394,0.9832,0.9985,0.0,0.0167,0.0139
rt_bin_class_logistic_regression_sklearn,climate_simulation_crashes_fold_3,0.9074,0.9479,0.9305,0.9785,0.9192,0.9708,0.9972,0.0,0.0164,0.0138
rt_bin_class_logistic_regression_sklearn,climate_simulation_crashes_fold_4,0.9537,0.9741,0.9592,1.0,0.9495,0.991,0.9992,0.0,0.0181,0.0136
rt_bin_class_logistic_regression_sklearn,club_loan_fold_0,0.7458,0.2849,0.3027,0.2594,0.316,0.647,0.2476,0.0,0.0319,0.0152
rt_bin_class_logistic_regression_sklearn,club_loan_fold_1,0.7176,0.3143,0.3626,0.2573,0.4039,0.661,0.2421,0.0,0.0324,0.015
rt_bin_class_logistic_regression_sklearn,club_loan_fold_2,0.6952,0.3014,0.3586,0.2382,0.4104,0.6424,0.2306,0.0,0.0325,0.0159
rt_bin_class_logistic_regression_sklearn,club_loan_fold_3,0.6883,0.3177,0.3876,0.2443,0.4542,0.6489,0.2445,0.0,0.0341,0.0148
rt_bin_class_logistic_regression_sklearn,club_loan_fold_4,0.7217,0.3014,0.3421,0.2516,0.3758,0.6231,0.2265,0.0,0.0315,0.0148
rt_bin_class_logistic_regression_sklearn,coil_2000_fold_0,0.6967,0.1968,0.3339,0.1168,0.6239,0.7536,0.165,0.0,0.097,0.0171
rt_bin_class_logistic_regression_sklearn,coil_2000_fold_1,0.6921,0.1769,0.2984,0.1053,0.5508,0.701,0.1324,0.0,0.0954,0.0183
rt_bin_class_logistic_regression_sklearn,coil_2000_fold_2,0.697,0.1883,0.3183,0.112,0.5897,0.6951,0.1186,0.0,0.0933,0.0172
rt_bin_class_logistic_regression_sklearn,coil_2000_fold_3,0.6894,0.2078,0.3568,0.1225,0.6838,0.7424,0.1614,0.0,0.0955,0.0191
rt_bin_class_logistic_regression_sklearn,coil_2000_fold_4,0.6823,0.202,0.3486,0.1188,0.6752,0.7452,0.1742,0.0,0.0955,0.019
rt_bin_class_logistic_regression_sklearn,graduation_fold_0,0.7041,0.2308,0.3555,0.1456,0.5556,0.7245,0.145,0.0,0.0141,0.0135
rt_bin_class_logistic_regression_sklearn,graduation_fold_1,0.7426,0.1869,0.266,0.125,0.3704,0.7174,0.1568,0.0,0.0144,0.0125
rt_bin_class_logistic_regression_sklearn,graduation_fold_2,0.7596,0.2703,0.3906,0.1786,0.5556,0.7576,0.247,0.0,0.0143,0.0133
rt_bin_class_logistic_regression_sklearn,graduation_fold_3,0.6766,0.2158,0.3409,0.1339,0.5556,0.6778,0.176,0.0,0.0134,0.0129
rt_bin_class_logistic_regression_sklearn,graduation_fold_4,0.7122,0.2707,0.4206,0.1698,0.6667,0.7714,0.3978,0.0,0.0145,0.0125
rt_bin_class_logistic_regression_sklearn,jm1_fold_0,0.7056,0.423,0.4949,0.3406,0.5582,0.7005,0.3962,0.0,0.047,0.0167
rt_bin_class_logistic_regression_sklearn,jm1_fold_1,0.7,0.4185,0.4925,0.3348,0.5582,0.7016,0.3683,0.0,0.0474,0.0151
rt_bin_class_logistic_regression_sklearn,jm1_fold_2,0.7106,0.4405,0.519,0.3518,0.5891,0.7336,0.4436,0.0,0.0483,0.0152
rt_bin_class_logistic_regression_sklearn,jm1_fold_3,0.7226,0.4578,0.5364,0.368,0.6057,0.7273,0.4074,0.0,0.0466,0.0151
rt_bin_class_logistic_regression_sklearn,jm1_fold_4,0.7088,0.4359,0.5126,0.349,0.5806,0.7101,0.3973,0.0,0.048,0.0159
rt_bin_class_logistic_regression_sklearn,kc1_fold_0,0.718,0.4465,0.5854,0.32,0.7385,0.8174,0.5131,0.0,0.02,0.0135
rt_bin_class_logistic_regression_sklearn,kc1_fold_1,0.763,0.4949,0.6234,0.3684,0.7538,0.8339,0.4839,0.0,0.0205,0.0136
rt_bin_class_logistic_regression_sklearn,kc1_fold_2,0.7204,0.4216,0.5388,0.3094,0.6615,0.7769,0.3909,0.0,0.0198,0.0138
rt_bin_class_logistic_regression_sklearn,kc1_fold_3,0.6943,0.4215,0.5582,0.2994,0.7121,0.8013,0.5539,0.0,0.0195,0.0142
rt_bin_class_logistic_regression_sklearn,kc1_fold_4,0.7221,0.3938,0.4897,0.2969,0.5846,0.7506,0.4005,0.0,0.0193,0.0138
rt_bin_class_logistic_regression_sklearn,letter_img_fold_0,0.9502,0.5811,0.7558,0.4195,0.9452,0.9869,0.7841,0.0,0.0311,0.0161
rt_bin_class_logistic_regression_sklearn,letter_img_fold_1,0.9485,0.5744,0.7514,0.4125,0.9456,0.986,0.7397,0.0,0.0312,0.0148
rt_bin_class_logistic_regression_sklearn,letter_img_fold_2,0.9482,0.5714,0.7468,0.4107,0.9388,0.9864,0.747,0.0,0.031,0.0163
rt_bin_class_logistic_regression_sklearn,letter_img_fold_3,0.947,0.5777,0.7688,0.4085,0.9864,0.9918,0.8205,0.0,0.031,0.0164
rt_bin_class_logistic_regression_sklearn,letter_img_fold_4,0.9432,0.5523,0.7384,0.3889,0.9524,0.9875,0.771,0.0,0.0323,0.0158
rt_bin_class_logistic_regression_sklearn,mammography_fold_0,0.8976,0.2776,0.4651,0.166,0.8462,0.9371,0.6302,0.0,0.017,0.0155
rt_bin_class_logistic_regression_sklearn,mammography_fold_1,0.9034,0.2848,0.4694,0.172,0.8269,0.9414,0.6651,0.0,0.0167,0.0155
rt_bin_class_logistic_regression_sklearn,mammography_fold_2,0.8882,0.2647,0.4536,0.1562,0.8654,0.916,0.5769,0.0,0.0165,0.0157
rt_bin_class_logistic_regression_sklearn,mammography_fold_3,0.8945,0.2976,0.5081,0.1761,0.9615,0.9619,0.5459,0.0,0.0158,0.0155
rt_bin_class_logistic_regression_sklearn,mammography_fold_4,0.9106,0.2754,0.4398,0.1696,0.7308,0.881,0.4861,0.0,0.0159,0.0156
rt_bin_class_logistic_regression_sklearn,optical_digits_fold_0,0.9502,0.7829,0.8588,0.6824,0.9182,0.9873,0.9142,0.0,0.0514,0.0149
rt_bin_class_logistic_regression_sklearn,optical_digits_fold_1,0.96,0.8193,0.8763,0.7391,0.9189,0.9898,0.9206,0.0,0.0503,0.0168
rt_bin_class_logistic_regression_sklearn,optical_digits_fold_2,0.952,0.784,0.8405,0.705,0.8829,0.9838,0.9043,0.0,0.0506,0.0163
rt_bin_class_logistic_regression_sklearn,optical_digits_fold_3,0.9573,0.8095,0.8718,0.7234,0.9189,0.9742,0.9335,0.0,0.0489,0.0162
rt_bin_class_logistic_regression_sklearn,optical_digits_fold_4,0.9484,0.768,0.8233,0.6906,0.8649,0.9776,0.8773,0.0,0.0506,0.0164
rt_bin_class_logistic_regression_sklearn,ozone_level_fold_0,0.8718,0.4444,0.6103,0.3059,0.8125,0.925,0.4471,0.0,0.0374,0.0156
rt_bin_class_logistic_regression_sklearn,ozone_level_fold_1,0.858,0.3898,0.5374,0.2674,0.7188,0.8777,0.4089,0.0,0.0375,0.0158
rt_bin_class_logistic_regression_sklearn,ozone_level_fold_2,0.8442,0.4148,0.6061,0.2718,0.875,0.9338,0.6137,0.0,0.0375,0.0158
rt_bin_class_logistic_regression_sklearn,ozone_level_fold_3,0.8679,0.4071,0.5502,0.284,0.7188,0.892,0.3383,0.0,0.039,0.0153
rt_bin_class_logistic_regression_sklearn,ozone_level_fold_4,0.8518,0.3902,0.5479,0.2637,0.75,0.9053,0.3659,0.0,0.0384,0.015
rt_bin_class_logistic_regression_sklearn,page_blocks_fold_0,0.916,0.6954,0.8229,0.5526,0.9375,0.975,0.8184,0.0,0.0195,0.0141
rt_bin_class_logistic_regression_sklearn,page_blocks_fold_1,0.9288,0.7254,0.8306,0.5988,0.9196,0.9771,0.837,0.0,0.02,0.0156
rt_bin_class_logistic_regression_sklearn,page_blocks_fold_2,0.9086,0.6667,0.7899,0.5291,0.9009,0.9657,0.7736,0.0,0.0204,0.0148
rt_bin_class_logistic_regression_sklearn,page_blocks_fold_3,0.9287,0.709,0.7864,0.609,0.8482,0.9465,0.7493,0.0,0.0194,0.0151
rt_bin_class_logistic_regression_sklearn,page_blocks_fold_4,0.9278,0.7148,0.8075,0.6,0.8839,0.956,0.758,0.0,0.0196,0.0145
rt_bin_class_logistic_regression_sklearn,pc1_fold_0,0.7883,0.3188,0.4825,0.2037,0.7333,0.8467,0.3382,0.0,0.0185,0.0128
rt_bin_class_logistic_regression_sklearn,pc1_fold_1,0.7973,0.4,0.625,0.25,1.0,0.9043,0.2648,0.0,0.0188,0.0133
rt_bin_class_logistic_regression_sklearn,pc1_fold_2,0.7838,0.3333,0.5,0.2143,0.75,0.8392,0.3745,0.0,0.019,0.0143
rt_bin_class_logistic_regression_sklearn,pc1_fold_3,0.7883,0.338,0.5042,0.2182,0.75,0.8395,0.3346,0.0,0.0182,0.0136
rt_bin_class_logistic_regression_sklearn,pc1_fold_4,0.7783,0.3099,0.4741,0.1964,0.7333,0.8107,0.1784,0.0,0.019,0.0131
rt_bin_class_logistic_regression_sklearn,pen_digits_fold_0,0.9404,0.7416,0.8246,0.6351,0.891,0.9776,0.87,0.0,0.0276,0.0162
rt_bin_class_logistic_regression_sklearn,pen_digits_fold_1,0.94,0.749,0.8499,0.6254,0.9336,0.985,0.8961,0.0,0.0265,0.0158
rt_bin_class_logistic_regression_sklearn,pen_digits_fold_2,0.9349,0.7347,0.8447,0.6037,0.9384,0.9818,0.8174,0.0,0.0271,0.0158
rt_bin_class_logistic_regression_sklearn,pen_digits_fold_3,0.9318,0.7212,0.8284,0.5933,0.9194,0.9698,0.7794,0.0,0.0277,0.0157
rt_bin_class_logistic_regression_sklearn,pen_digits_fold_4,0.9331,0.7252,0.8305,0.5988,0.9194,0.9757,0.7919,0.0,0.0275,0.0161
rt_bin_class_logistic_regression_sklearn,pie_chart_fold_0,0.7731,0.3951,0.4938,0.2963,0.5926,0.8175,0.3523,0.0,0.0205,0.0139
rt_bin_class_logistic_regression_sklearn,pie_chart_fold_1,0.7685,0.4186,0.5389,0.3051,0.6667,0.8283,0.3626,0.0,0.0206,0.0142
rt_bin_class_logistic_regression_sklearn,pie_chart_fold_2,0.693,0.3774,0.5435,0.25,0.7692,0.8153,0.3433,0.0,0.0212,0.0131
rt_bin_class_logistic_regression_sklearn,pie_chart_fold_3,0.7674,0.4565,0.6069,0.3231,0.7778,0.8388,0.4141,0.0,0.0205,0.0132
rt_bin_class_logistic_regression_sklearn,pie_chart_fold_4,0.7953,0.5,0.6509,0.3607,0.8148,0.8266,0.3405,0.0,0.0208,0.0144
rt_bin_class_logistic_regression_sklearn,satellite_fold_0,0.9765,0.5385,0.7216,0.3784,0.9333,0.9953,0.8423,0.0,0.039,0.0155
rt_bin_class_logistic_regression_sklearn,satellite_fold_1,0.9843,0.619,0.7471,0.4815,0.8667,0.9862,0.7774,0.0,0.0376,0.0155
rt_bin_class_logistic_regression_sklearn,satellite_fold_2,0.9873,0.6829,0.814,0.5385,0.9333,0.9972,0.8801,0.0,0.0378,0.0154
rt_bin_class_logistic_regression_sklearn,satellite_fold_3,0.9853,0.6341,0.7558,0.5,0.8667,0.9946,0.8797,0.0,0.0376,0.0156
rt_bin_class_logistic_regression_sklearn,satellite_fold_4,0.9902,0.7368,0.8434,0.6087,0.9333,0.9785,0.9227,0.0,0.0389,0.016
rt_bin_class_logistic_regression_sklearn,satimage_fold_0,0.6535,0.3009,0.4738,0.1871,0.768,0.7546,0.1864,0.0,0.0359,0.015
rt_bin_class_logistic_regression_sklearn,satimage_fold_1,0.6309,0.2984,0.48,0.183,0.808,0.7675,0.1967,0.0,0.037,0.0159
rt_bin_class_logistic_regression_sklearn,satimage_fold_2,0.6317,0.3009,0.4843,0.1844,0.816,0.7684,0.2038,0.0,0.0379,0.0171
rt_bin_class_logistic_regression_sklearn,satimage_fold_3,0.6208,0.2845,0.4588,0.1741,0.776,0.7688,0.2207,0.0,0.0383,0.0157
rt_bin_class_logistic_regression_sklearn,satimage_fold_4,0.6037,0.3033,0.5,0.1832,0.881,0.7898,0.244,0.0,0.036,0.0154
rt_bin_class_logistic_regression_sklearn,seismic_bumps_fold_0,0.7853,0.2345,0.3441,0.1532,0.5,0.6915,0.1751,0.0,0.0195,0.0135
rt_bin_class_logistic_regression_sklearn,seismic_bumps_fold_1,0.7505,0.2543,0.4,0.1583,0.6471,0.7512,0.157,0.0,0.0175,0.0134
rt_bin_class_logistic_regression_sklearn,seismic_bumps_fold_2,0.7892,0.227,0.3292,0.1495,0.4706,0.7763,0.1915,0.0,0.0189,0.0132
rt_bin_class_logistic_regression_sklearn,seismic_bumps_fold_3,0.7814,0.1752,0.251,0.1165,0.3529,0.7185,0.1278,0.0,0.0198,0.0128
rt_bin_class_logistic_regression_sklearn,seismic_bumps_fold_4,0.7364,0.2184,0.3442,0.1357,0.5588,0.6621,0.1808,0.0,0.0191,0.0133
rt_bin_class_logistic_regression_sklearn,sick_euthyroid_fold_0,0.8957,0.6333,0.7983,0.4711,0.9661,0.9671,0.7598,0.0,0.0342,0.0147
rt_bin_class_logistic_regression_sklearn,sick_euthyroid_fold_1,0.8989,0.6279,0.7736,0.4779,0.9153,0.9422,0.6415,0.0,0.0354,0.0159
rt_bin_class_logistic_regression_sklearn,sick_euthyroid_fold_2,0.8942,0.6127,0.7571,0.4649,0.8983,0.9535,0.7756,0.0,0.0364,0.015
rt_bin_class_logistic_regression_sklearn,sick_euthyroid_fold_3,0.9114,0.6585,0.7988,0.5094,0.931,0.968,0.8073,0.0,0.0363,0.0163
rt_bin_class_logistic_regression_sklearn,sick_euthyroid_fold_4,0.9161,0.6624,0.7855,0.5253,0.8966,0.953,0.713,0.0,0.036,0.0143
rt_bin_class_logistic_regression_sklearn,solar_flare_fold_0,0.7338,0.2128,0.3759,0.1235,0.7692,0.8434,0.4323,0.0,0.0204,0.0136
rt_bin_class_logistic_regression_sklearn,solar_flare_fold_1,0.7446,0.1839,0.3101,0.1096,0.5714,0.7623,0.204,0.0,0.0211,0.0143
rt_bin_class_logistic_regression_sklearn,solar_flare_fold_2,0.759,0.1928,0.32,0.1159,0.5714,0.7152,0.2159,0.0,0.0211,0.0138
rt_bin_class_logistic_regression_sklearn,solar_flare_fold_3,0.7698,0.1795,0.2917,0.1094,0.5,0.7631,0.2238,0.0,0.0194,0.0133
rt_bin_class_logistic_regression_sklearn,solar_flare_fold_4,0.7545,0.15,0.2521,0.0896,0.4615,0.6435,0.1104,0.0,0.0213,0.0138
rt_bin_class_logistic_regression_sklearn,thoracic_surgery_fold_0,0.7766,0.8679,0.8647,0.8734,0.8625,0.6424,0.9233,0.0,0.0175,0.0146
rt_bin_class_logistic_regression_sklearn,thoracic_surgery_fold_1,0.766,0.8625,0.8625,0.8625,0.8625,0.583,0.8704,0.0,0.0166,0.014
rt_bin_class_logistic_regression_sklearn,thoracic_surgery_fold_2,0.7128,0.8258,0.8101,0.8533,0.8,0.5902,0.9005,0.0,0.0166,0.0134
rt_bin_class_logistic_regression_sklearn,thoracic_surgery_fold_3,0.7553,0.8456,0.8098,0.913,0.7875,0.7116,0.9173,0.0,0.0168,0.0125
rt_bin_class_logistic_regression_sklearn,thoracic_surgery_fold_4,0.7553,0.8456,0.8098,0.913,0.7875,0.6826,0.9091,0.0,0.0171,0.013
rt_bin_class_logistic_regression_sklearn,thyroid_disease_fold_0,0.9232,0.5972,0.7624,0.4388,0.9348,0.9777,0.7244,0.0,0.0358,0.0151
rt_bin_class_logistic_regression_sklearn,thyroid_disease_fold_1,0.9258,0.5942,0.7348,0.4505,0.8723,0.9458,0.659,0.0,0.036,0.0148
rt_bin_class_logistic_regression_sklearn,thyroid_disease_fold_2,0.9019,0.5132,0.6724,0.3679,0.8478,0.9374,0.5198,0.0,0.0353,0.0163
rt_bin_class_logistic_regression_sklearn,thyroid_disease_fold_3,0.9098,0.5143,0.6475,0.383,0.7826,0.914,0.622,0.0,0.0365,0.0146
rt_bin_class_logistic_regression_sklearn,thyroid_disease_fold_4,0.9257,0.5942,0.7428,0.4457,0.8913,0.9503,0.7422,0.0,0.0353,0.0156
rt_bin_class_logistic_regression_sklearn,us_crime_fold_0,0.8571,0.4466,0.5959,0.3151,0.7667,0.9185,0.5366,0.0,0.0395,0.0156
rt_bin_class_logistic_regression_sklearn,us_crime_fold_1,0.8747,0.4565,0.5769,0.3387,0.7,0.8697,0.4645,0.0,0.0389,0.0149
rt_bin_class_logistic_regression_sklearn,us_crime_fold_2,0.8872,0.4706,0.5714,0.3636,0.6667,0.9206,0.5887,0.0,0.0413,0.0166
rt_bin_class_logistic_regression_sklearn,us_crime_fold_3,0.8947,0.4878,0.5814,0.3846,0.6667,0.8879,0.5613,0.0,0.0402,0.0165
rt_bin_class_logistic_regression_sklearn,us_crime_fold_4,0.8568,0.4356,0.5759,0.3099,0.7333,0.9019,0.5391,0.0,0.0391,0.0162
rt_bin_class_logistic_regression_sklearn,vowel_fold_0,0.9646,0.8293,0.8947,0.7391,0.9444,0.9929,0.9405,0.0,0.0173,0.0127
rt_bin_class_logistic_regression_sklearn,vowel_fold_1,0.9343,0.7347,0.8738,0.5806,1.0,0.9923,0.8979,0.0,0.0174,0.0139
rt_bin_class_logistic_regression_sklearn,vowel_fold_2,0.9495,0.7826,0.9,0.6429,1.0,0.9914,0.9219,0.0,0.0172,0.0137
rt_bin_class_logistic_regression_sklearn,vowel_fold_3,0.9645,0.8372,0.9278,0.72,1.0,0.996,0.9565,0.0,0.0175,0.0133
rt_bin_class_logistic_regression_sklearn,vowel_fold_4,0.9746,0.8718,0.914,0.8095,0.9444,0.9947,0.9726,0.0,0.0168,0.0127
rt_bin_class_logistic_regression_sklearn,wilt_fold_0,0.9525,0.6761,0.7973,0.5393,0.9057,0.9787,0.8288,0.0,0.0164,0.0141
rt_bin_class_logistic_regression_sklearn,wilt_fold_1,0.9483,0.6667,0.817,0.5102,0.9615,0.985,0.7637,0.0,0.016,0.0145
rt_bin_class_logistic_regression_sklearn,wilt_fold_2,0.9576,0.7007,0.8191,0.5647,0.9231,0.983,0.6442,0.0,0.016,0.0136
rt_bin_class_logistic_regression_sklearn,wilt_fold_3,0.938,0.6341,0.8125,0.4643,1.0,0.9895,0.7406,0.0,0.016,0.0133
rt_bin_class_logistic_regression_sklearn,wilt_fold_4,0.939,0.638,0.815,0.4685,1.0,0.9911,0.818,0.0,0.0161,0.0135
rt_bin_class_logistic_regression_sklearn,wine_quality_fold_0,0.7571,0.1678,0.3023,0.0964,0.6486,0.7706,0.2199,0.0,0.0165,0.0156
rt_bin_class_logistic_regression_sklearn,wine_quality_fold_1,0.7888,0.1882,0.3279,0.1101,0.6486,0.7948,0.1672,0.0,0.0162,0.0143
rt_bin_class_logistic_regression_sklearn,wine_quality_fold_2,0.7745,0.1905,0.3385,0.1102,0.7027,0.8028,0.2547,0.0,0.0154,0.015
rt_bin_class_logistic_regression_sklearn,wine_quality_fold_3,0.7712,0.1765,0.3158,0.1017,0.6667,0.8068,0.2347,0.0,0.0154,0.0153
rt_bin_class_logistic_regression_sklearn,wine_quality_fold_4,0.7896,0.2016,0.3552,0.1171,0.7222,0.7934,0.3251,0.0,0.0158,0.0157
rt_bin_class_logistic_regression_sklearn,yeast_fold_0,0.936,0.7595,0.8571,0.6383,0.9375,0.9792,0.853,0.0,0.0144,0.0137
rt_bin_class_logistic_regression_sklearn,yeast_fold_1,0.9057,0.6889,0.8201,0.5439,0.9394,0.9837,0.9189,0.0,0.0137,0.0131
rt_bin_class_logistic_regression_sklearn,yeast_fold_2,0.8855,0.6458,0.7949,0.4921,0.9394,0.9653,0.6865,0.0,0.0138,0.0128
rt_bin_class_logistic_regression_sklearn,yeast_fold_3,0.9192,0.7,0.7821,0.5957,0.8485,0.961,0.7461,0.0,0.0149,0.0133
rt_bin_class_logistic_regression_sklearn,yeast_fold_4,0.8953,0.6265,0.7263,0.5098,0.8125,0.9557,0.7834,0.0,0.0144,0.0127
