algorithm,dataset,accuracy,f1_score,f2_score,precision,recall,auc_score,pr_auc_score,perc_pred_missing,train_time_in_minutes,predict_time_in_minutes
rt_bin_class_xgboost,abalone_binarized_fold_0,0.8612,0.2927,0.3015,0.2791,0.3077,0.7892,0.2501,0.0,0.2157,0.0136
rt_bin_class_xgboost,abalone_binarized_fold_1,0.8624,0.303,0.3109,0.2907,0.3165,0.7889,0.2717,0.0,0.1508,0.0144
rt_bin_class_xgboost,abalone_binarized_fold_2,0.8659,0.3086,0.3157,0.2976,0.3205,0.8311,0.2833,0.0,0.117,0.0142
rt_bin_class_xgboost,abalone_binarized_fold_3,0.8611,0.2368,0.2332,0.2432,0.2308,0.8009,0.2424,0.0,0.1196,0.0142
rt_bin_class_xgboost,abalone_binarized_fold_4,0.8599,0.339,0.365,0.303,0.3846,0.8204,0.2631,0.0,0.1189,0.0139
rt_bin_class_xgboost,auction_fold_0,0.9902,0.963,0.9848,0.9286,1.0,1.0,1.0,0.0,0.0368,0.0139
rt_bin_class_xgboost,auction_fold_1,0.9951,0.9811,0.9811,0.9811,0.9811,0.9994,0.9961,0.0,0.0377,0.0134
rt_bin_class_xgboost,auction_fold_2,0.9902,0.9615,0.9506,0.9804,0.9434,0.9984,0.9916,0.0,0.0407,0.0141
rt_bin_class_xgboost,auction_fold_3,0.9877,0.9541,0.9811,0.9123,1.0,0.9991,0.9931,0.0,0.0378,0.0143
rt_bin_class_xgboost,auction_fold_4,0.9975,0.9905,0.9962,0.9811,1.0,1.0,1.0,0.0,0.0388,0.0134
rt_bin_class_xgboost,car_eval_binarized_fold_0,0.9971,0.9818,0.9926,0.9643,1.0,0.9999,0.9987,0.0,0.0343,0.0138
rt_bin_class_xgboost,car_eval_binarized_fold_1,0.9942,0.9643,0.9854,0.931,1.0,0.9991,0.9896,0.0,0.0342,0.0139
rt_bin_class_xgboost,car_eval_binarized_fold_2,0.9913,0.9434,0.9328,0.9615,0.9259,0.9988,0.988,0.0,0.0344,0.0138
rt_bin_class_xgboost,car_eval_binarized_fold_3,0.9855,0.8936,0.84,1.0,0.8077,0.9998,0.997,0.0,0.0332,0.0136
rt_bin_class_xgboost,car_eval_binarized_fold_4,1.0,1.0,1.0,1.0,1.0,1.0,1.0,0.0,0.0332,0.014
rt_bin_class_xgboost,chess_fold_0,0.9948,0.9333,0.9722,0.875,1.0,0.9993,0.981,0.0,0.0519,0.0136
rt_bin_class_xgboost,chess_fold_1,0.9897,0.875,0.9459,0.7778,1.0,0.998,0.9322,0.0,0.0576,0.0143
rt_bin_class_xgboost,chess_fold_2,0.9879,0.8571,0.9375,0.75,1.0,0.9973,0.9277,0.0,0.0545,0.0138
rt_bin_class_xgboost,chess_fold_3,0.9948,0.9302,0.9434,0.9091,0.9524,0.9997,0.9939,0.0,0.0498,0.0135
rt_bin_class_xgboost,chess_fold_4,0.9845,0.8235,0.9211,0.7,1.0,0.9957,0.8415,0.0,0.063,0.0125
rt_bin_class_xgboost,climate_simulation_crashes_fold_0,0.9444,0.9694,0.9694,0.9694,0.9694,0.9061,0.9866,0.0,0.0279,0.0137
rt_bin_class_xgboost,climate_simulation_crashes_fold_1,0.8889,0.9381,0.9267,0.9579,0.9192,0.9315,0.9934,0.0,0.0272,0.0134
rt_bin_class_xgboost,climate_simulation_crashes_fold_2,0.963,0.98,0.9859,0.9703,0.9899,0.9686,0.997,0.0,0.0275,0.0137
rt_bin_class_xgboost,climate_simulation_crashes_fold_3,0.9537,0.9744,0.9654,0.9896,0.9596,0.9596,0.9961,0.0,0.0262,0.0132
rt_bin_class_xgboost,climate_simulation_crashes_fold_4,0.9444,0.9703,0.982,0.9515,0.9899,0.9809,0.9983,0.0,0.0273,0.0129
rt_bin_class_xgboost,club_loan_fold_0,0.7944,0.1826,0.1568,0.2514,0.1433,0.5905,0.2061,0.0,0.2802,0.0134
rt_bin_class_xgboost,club_loan_fold_1,0.7933,0.1852,0.1599,0.2514,0.1466,0.6259,0.2366,0.0,0.2804,0.0147
rt_bin_class_xgboost,club_loan_fold_2,0.8079,0.217,0.1833,0.3129,0.1661,0.636,0.2517,0.0,0.2739,0.0145
rt_bin_class_xgboost,club_loan_fold_3,0.8016,0.2083,0.1788,0.2874,0.1634,0.6262,0.2327,0.0,0.2741,0.0138
rt_bin_class_xgboost,club_loan_fold_4,0.7916,0.1773,0.1532,0.2402,0.1405,0.5936,0.2205,0.0,0.27,0.0143
rt_bin_class_xgboost,coil_2000_fold_0,0.9181,0.1297,0.1119,0.1765,0.1026,0.7016,0.1346,0.0,0.4471,0.017
rt_bin_class_xgboost,coil_2000_fold_1,0.9216,0.0941,0.0763,0.1538,0.0678,0.6528,0.1194,0.0,0.4497,0.0172
rt_bin_class_xgboost,coil_2000_fold_2,0.9226,0.1264,0.1048,0.193,0.094,0.7004,0.1374,0.0,0.4406,0.0174
rt_bin_class_xgboost,coil_2000_fold_3,0.914,0.1152,0.1015,0.1486,0.094,0.6957,0.1287,0.0,0.4432,0.0178
rt_bin_class_xgboost,coil_2000_fold_4,0.9211,0.1243,0.1042,0.1833,0.094,0.7102,0.1437,0.0,0.4485,0.0175
rt_bin_class_xgboost,graduation_fold_0,0.8402,0.1562,0.1724,0.1351,0.1852,0.5597,0.1382,0.0,0.0566,0.0138
rt_bin_class_xgboost,graduation_fold_1,0.8166,0.1143,0.1325,0.093,0.1481,0.6047,0.1064,0.0,0.0561,0.0142
rt_bin_class_xgboost,graduation_fold_2,0.8398,0.1818,0.2041,0.1538,0.2222,0.6608,0.1297,0.0,0.0568,0.0139
rt_bin_class_xgboost,graduation_fold_3,0.8516,0.1667,0.1773,0.1515,0.1852,0.6198,0.1294,0.0,0.0624,0.0131
rt_bin_class_xgboost,graduation_fold_4,0.816,0.1389,0.1634,0.1111,0.1852,0.648,0.1115,0.0,0.0554,0.0133
rt_bin_class_xgboost,jm1_fold_0,0.7836,0.3485,0.3172,0.4172,0.2993,0.685,0.3833,0.0,0.3221,0.0149
rt_bin_class_xgboost,jm1_fold_1,0.7997,0.4108,0.3794,0.4765,0.361,0.7163,0.401,0.0,0.3125,0.0144
rt_bin_class_xgboost,jm1_fold_2,0.7878,0.3824,0.3555,0.4373,0.3397,0.7106,0.4239,0.0,0.3167,0.0149
rt_bin_class_xgboost,jm1_fold_3,0.7878,0.3583,0.3253,0.4314,0.3064,0.702,0.3896,0.0,0.3103,0.0144
rt_bin_class_xgboost,jm1_fold_4,0.7988,0.3796,0.3398,0.4718,0.3175,0.7114,0.4094,0.0,0.3132,0.0149
rt_bin_class_xgboost,kc1_fold_0,0.8199,0.4328,0.4407,0.4203,0.4462,0.7966,0.4454,0.0,0.0766,0.014
rt_bin_class_xgboost,kc1_fold_1,0.8436,0.4407,0.4153,0.4906,0.4,0.7814,0.4277,0.0,0.0781,0.0143
rt_bin_class_xgboost,kc1_fold_2,0.8602,0.487,0.4516,0.56,0.4308,0.764,0.4537,0.0,0.077,0.0136
rt_bin_class_xgboost,kc1_fold_3,0.8341,0.4697,0.4697,0.4697,0.4697,0.7791,0.4963,0.0,0.0759,0.0138
rt_bin_class_xgboost,kc1_fold_4,0.8219,0.3802,0.3639,0.4107,0.3538,0.7384,0.3738,0.0,0.0745,0.0146
rt_bin_class_xgboost,letter_img_fold_0,0.9985,0.9792,0.9711,0.993,0.9658,0.9999,0.9978,0.0,0.1521,0.0149
rt_bin_class_xgboost,letter_img_fold_1,0.9975,0.9653,0.9534,0.9858,0.9456,0.9997,0.9926,0.0,0.1532,0.0151
rt_bin_class_xgboost,letter_img_fold_2,0.996,0.9444,0.9328,0.9645,0.9252,0.9991,0.9866,0.0,0.1556,0.0146
rt_bin_class_xgboost,letter_img_fold_3,0.9978,0.9695,0.9715,0.9662,0.9728,0.9998,0.9952,0.0,0.1573,0.0154
rt_bin_class_xgboost,letter_img_fold_4,0.998,0.9726,0.9686,0.9793,0.966,0.9997,0.994,0.0,0.1664,0.0137
rt_bin_class_xgboost,mammography_fold_0,0.9857,0.7193,0.7593,0.6613,0.7885,0.9069,0.7617,0.0,0.1732,0.0147
rt_bin_class_xgboost,mammography_fold_1,0.9884,0.7292,0.6944,0.7955,0.6731,0.9064,0.7032,0.0,0.1695,0.0135
rt_bin_class_xgboost,mammography_fold_2,0.9835,0.6783,0.7196,0.619,0.75,0.9298,0.7437,0.0,0.1718,0.0134
rt_bin_class_xgboost,mammography_fold_3,0.9852,0.6857,0.6897,0.6792,0.6923,0.9169,0.7212,0.0,0.1645,0.0139
rt_bin_class_xgboost,mammography_fold_4,0.9835,0.6186,0.5929,0.6667,0.5769,0.8854,0.6056,0.0,0.1768,0.0134
rt_bin_class_xgboost,optical_digits_fold_0,0.9911,0.9528,0.9317,0.9902,0.9182,0.9997,0.997,0.0,0.0928,0.0151
rt_bin_class_xgboost,optical_digits_fold_1,0.9893,0.9444,0.929,0.9714,0.9189,0.9987,0.9893,0.0,0.1019,0.0157
rt_bin_class_xgboost,optical_digits_fold_2,0.9929,0.963,0.9472,0.9905,0.9369,0.9994,0.9952,0.0,0.0942,0.0155
rt_bin_class_xgboost,optical_digits_fold_3,0.9929,0.963,0.9472,0.9905,0.9369,0.9988,0.992,0.0,0.096,0.0149
rt_bin_class_xgboost,optical_digits_fold_4,0.9858,0.9238,0.8932,0.9798,0.8739,0.9982,0.9863,0.0,0.0932,0.015
rt_bin_class_xgboost,ozone_level_fold_0,0.927,0.4478,0.4601,0.4286,0.4688,0.9228,0.4813,0.0,0.084,0.0147
rt_bin_class_xgboost,ozone_level_fold_1,0.9448,0.4615,0.4054,0.6,0.375,0.8886,0.5031,0.0,0.0888,0.0149
rt_bin_class_xgboost,ozone_level_fold_2,0.9369,0.5556,0.5952,0.5,0.625,0.9383,0.5364,0.0,0.1054,0.0145
rt_bin_class_xgboost,ozone_level_fold_3,0.929,0.4857,0.512,0.4474,0.5312,0.8872,0.4162,0.0,0.09,0.0143
rt_bin_class_xgboost,ozone_level_fold_4,0.9348,0.459,0.4459,0.4828,0.4375,0.9209,0.4879,0.0,0.0846,0.0145
rt_bin_class_xgboost,page_blocks_fold_0,0.9689,0.8571,0.8885,0.8095,0.9107,0.9904,0.907,0.0,0.1029,0.0135
rt_bin_class_xgboost,page_blocks_fold_1,0.9717,0.867,0.8875,0.8347,0.9018,0.9954,0.9561,0.0,0.106,0.0142
rt_bin_class_xgboost,page_blocks_fold_2,0.9598,0.8226,0.8778,0.7445,0.9189,0.9814,0.8543,0.0,0.0885,0.0141
rt_bin_class_xgboost,page_blocks_fold_3,0.9753,0.8767,0.8649,0.8972,0.8571,0.9905,0.9186,0.0,0.0966,0.014
rt_bin_class_xgboost,page_blocks_fold_4,0.9744,0.8739,0.8692,0.8818,0.8661,0.9874,0.9236,0.0,0.0959,0.0134
rt_bin_class_xgboost,pc1_fold_0,0.9009,0.3889,0.4321,0.3333,0.4667,0.8324,0.3928,0.0,0.0442,0.0137
rt_bin_class_xgboost,pc1_fold_1,0.9324,0.4828,0.473,0.5,0.4667,0.8837,0.5185,0.0,0.0442,0.0133
rt_bin_class_xgboost,pc1_fold_2,0.9234,0.5854,0.6742,0.48,0.75,0.9569,0.7646,0.0,0.0424,0.0144
rt_bin_class_xgboost,pc1_fold_3,0.9099,0.2857,0.2632,0.3333,0.25,0.8759,0.4308,0.0,0.0435,0.0144
rt_bin_class_xgboost,pc1_fold_4,0.8869,0.3243,0.3659,0.2727,0.4,0.8337,0.253,0.0,0.0403,0.0145
rt_bin_class_xgboost,pen_digits_fold_0,0.9973,0.9857,0.9829,0.9904,0.981,0.9999,0.9994,0.0,0.0833,0.0143
rt_bin_class_xgboost,pen_digits_fold_1,0.9973,0.9857,0.9829,0.9904,0.981,0.9999,0.9992,0.0,0.0861,0.0139
rt_bin_class_xgboost,pen_digits_fold_2,0.9977,0.988,0.981,1.0,0.9763,0.9999,0.999,0.0,0.0964,0.0139
rt_bin_class_xgboost,pen_digits_fold_3,0.9977,0.9881,0.9867,0.9905,0.9858,0.9999,0.9988,0.0,0.0861,0.0149
rt_bin_class_xgboost,pen_digits_fold_4,0.995,0.9736,0.9667,0.9854,0.9621,0.999,0.9897,0.0,0.0818,0.015
rt_bin_class_xgboost,pie_chart_fold_0,0.8611,0.25,0.2066,0.3846,0.1852,0.7233,0.3096,0.0,0.048,0.0137
rt_bin_class_xgboost,pie_chart_fold_1,0.8704,0.44,0.4198,0.4783,0.4074,0.8277,0.366,0.0,0.0445,0.0143
rt_bin_class_xgboost,pie_chart_fold_2,0.814,0.3333,0.3623,0.2941,0.3846,0.8141,0.4339,0.0,0.0466,0.0146
rt_bin_class_xgboost,pie_chart_fold_3,0.8186,0.3158,0.3261,0.3,0.3333,0.7825,0.2914,0.0,0.0439,0.0133
rt_bin_class_xgboost,pie_chart_fold_4,0.8326,0.3333,0.3333,0.3333,0.3333,0.81,0.4032,0.0,0.0456,0.0143
rt_bin_class_xgboost,satellite_fold_0,0.9971,0.8966,0.8784,0.9286,0.8667,0.9967,0.9185,0.0,0.0712,0.0144
rt_bin_class_xgboost,satellite_fold_1,0.9912,0.6667,0.625,0.75,0.6,0.8926,0.715,0.0,0.0573,0.0147
rt_bin_class_xgboost,satellite_fold_2,0.9912,0.7097,0.7237,0.6875,0.7333,0.9881,0.739,0.0,0.0688,0.0148
rt_bin_class_xgboost,satellite_fold_3,0.9941,0.7857,0.7534,0.8462,0.7333,0.983,0.7735,0.0,0.0623,0.015
rt_bin_class_xgboost,satellite_fold_4,0.9951,0.8,0.7143,1.0,0.6667,0.9345,0.853,0.0,0.0708,0.0138
rt_bin_class_xgboost,satimage_fold_0,0.9456,0.72,0.72,0.72,0.72,0.9718,0.829,0.0,0.1684,0.0141
rt_bin_class_xgboost,satimage_fold_1,0.9394,0.6695,0.6465,0.7117,0.632,0.9666,0.7836,0.0,0.1738,0.014
rt_bin_class_xgboost,satimage_fold_2,0.9308,0.6642,0.6875,0.6286,0.704,0.9498,0.7519,0.0,0.1721,0.0145
rt_bin_class_xgboost,satimage_fold_3,0.9394,0.6609,0.6281,0.7238,0.608,0.9597,0.7631,0.0,0.1738,0.014
rt_bin_class_xgboost,satimage_fold_4,0.9479,0.7309,0.7257,0.7398,0.7222,0.9681,0.8059,0.0,0.1807,0.0152
rt_bin_class_xgboost,seismic_bumps_fold_0,0.8975,0.209,0.2071,0.2121,0.2059,0.6938,0.1662,0.0,0.0813,0.0144
rt_bin_class_xgboost,seismic_bumps_fold_1,0.8956,0.1818,0.1786,0.1875,0.1765,0.7094,0.1966,0.0,0.0824,0.0143
rt_bin_class_xgboost,seismic_bumps_fold_2,0.882,0.1867,0.1977,0.1707,0.2059,0.6717,0.1267,0.0,0.0828,0.0135
rt_bin_class_xgboost,seismic_bumps_fold_3,0.8936,0.1791,0.1775,0.1818,0.1765,0.6931,0.1539,0.0,0.0809,0.0136
rt_bin_class_xgboost,seismic_bumps_fold_4,0.876,0.2,0.2198,0.1739,0.2353,0.6041,0.1599,0.0,0.0844,0.0132
rt_bin_class_xgboost,sick_euthyroid_fold_0,0.9779,0.8889,0.9241,0.8358,0.9492,0.9871,0.9151,0.0,0.0717,0.0146
rt_bin_class_xgboost,sick_euthyroid_fold_1,0.9731,0.8682,0.915,0.8,0.9492,0.9761,0.8832,0.0,0.0675,0.0139
rt_bin_class_xgboost,sick_euthyroid_fold_2,0.9747,0.8644,0.8644,0.8644,0.8644,0.9922,0.9054,0.0,0.0677,0.0147
rt_bin_class_xgboost,sick_euthyroid_fold_3,0.9794,0.8829,0.8596,0.9245,0.8448,0.9891,0.94,0.0,0.0699,0.0147
rt_bin_class_xgboost,sick_euthyroid_fold_4,0.9715,0.8525,0.8784,0.8125,0.8966,0.9872,0.8792,0.0,0.071,0.0137
rt_bin_class_xgboost,solar_flare_fold_0,0.9029,0.2703,0.3289,0.2083,0.3846,0.8287,0.2362,0.0,0.0608,0.015
rt_bin_class_xgboost,solar_flare_fold_1,0.9317,0.24,0.2239,0.2727,0.2143,0.7192,0.2208,0.0,0.0558,0.0144
rt_bin_class_xgboost,solar_flare_fold_2,0.9281,0.0,0.0,0.0,0.0,0.6878,0.0842,0.0,0.0538,0.0143
rt_bin_class_xgboost,solar_flare_fold_3,0.8993,0.1765,0.1974,0.15,0.2143,0.7733,0.1865,0.0,0.0586,0.0139
rt_bin_class_xgboost,solar_flare_fold_4,0.9242,0.087,0.0806,0.1,0.0769,0.6534,0.1069,0.0,0.0577,0.0137
rt_bin_class_xgboost,thoracic_surgery_fold_0,0.7872,0.875,0.875,0.875,0.875,0.6317,0.8691,0.0,0.0382,0.0135
rt_bin_class_xgboost,thoracic_surgery_fold_1,0.8404,0.9091,0.9259,0.8824,0.9375,0.6241,0.8873,0.0,0.0355,0.0133
rt_bin_class_xgboost,thoracic_surgery_fold_2,0.7447,0.85,0.85,0.85,0.85,0.6326,0.9163,0.0,0.0345,0.0136
rt_bin_class_xgboost,thoracic_surgery_fold_3,0.766,0.8642,0.8706,0.8537,0.875,0.5871,0.8978,0.0,0.0362,0.0132
rt_bin_class_xgboost,thoracic_surgery_fold_4,0.7447,0.8462,0.8333,0.8684,0.825,0.7241,0.9464,0.0,0.0353,0.0137
rt_bin_class_xgboost,thyroid_disease_fold_0,0.9907,0.9263,0.9442,0.898,0.9565,0.9992,0.9895,0.0,0.0595,0.0138
rt_bin_class_xgboost,thyroid_disease_fold_1,0.9894,0.9184,0.9414,0.8824,0.9574,0.997,0.958,0.0,0.0614,0.0147
rt_bin_class_xgboost,thyroid_disease_fold_2,0.9907,0.9247,0.9307,0.9149,0.9348,0.9983,0.9777,0.0,0.0574,0.0149
rt_bin_class_xgboost,thyroid_disease_fold_3,0.9841,0.875,0.8974,0.84,0.913,0.9979,0.9743,0.0,0.0594,0.0137
rt_bin_class_xgboost,thyroid_disease_fold_4,0.9894,0.913,0.913,0.913,0.913,0.9976,0.9748,0.0,0.0604,0.0136
rt_bin_class_xgboost,us_crime_fold_0,0.9298,0.5758,0.609,0.5278,0.6333,0.9357,0.6232,0.0,0.0744,0.0152
rt_bin_class_xgboost,us_crime_fold_1,0.9298,0.5333,0.5333,0.5333,0.5333,0.8859,0.482,0.0,0.0732,0.0156
rt_bin_class_xgboost,us_crime_fold_2,0.9148,0.4333,0.4333,0.4333,0.4333,0.93,0.5549,0.0,0.0772,0.015
rt_bin_class_xgboost,us_crime_fold_3,0.9348,0.5517,0.5405,0.5714,0.5333,0.8988,0.5242,0.0,0.0753,0.0151
rt_bin_class_xgboost,us_crime_fold_4,0.9271,0.5538,0.5806,0.5143,0.6,0.8997,0.5735,0.0,0.0715,0.0157
rt_bin_class_xgboost,vowel_fold_0,1.0,1.0,1.0,1.0,1.0,1.0,1.0,0.0,0.0276,0.0146
rt_bin_class_xgboost,vowel_fold_1,0.9899,0.9474,0.9783,0.9,1.0,1.0,1.0,0.0,0.0263,0.014
rt_bin_class_xgboost,vowel_fold_2,0.9899,0.9474,0.9783,0.9,1.0,0.9988,0.9883,0.0,0.026,0.0137
rt_bin_class_xgboost,vowel_fold_3,0.9949,0.973,0.989,0.9474,1.0,1.0,1.0,0.0,0.0277,0.0133
rt_bin_class_xgboost,vowel_fold_4,0.9949,0.9714,0.9551,1.0,0.9444,0.9972,0.9811,0.0,0.026,0.0128
rt_bin_class_xgboost,wilt_fold_0,0.9855,0.875,0.9041,0.8305,0.9245,0.9849,0.9277,0.0,0.0686,0.0142
rt_bin_class_xgboost,wilt_fold_1,0.9783,0.8108,0.8427,0.7627,0.8654,0.9862,0.9124,0.0,0.0642,0.0131
rt_bin_class_xgboost,wilt_fold_2,0.9897,0.9038,0.9038,0.9038,0.9038,0.9911,0.8714,0.0,0.0535,0.0142
rt_bin_class_xgboost,wilt_fold_3,0.9845,0.8649,0.8989,0.8136,0.9231,0.9963,0.9438,0.0,0.0566,0.0143
rt_bin_class_xgboost,wilt_fold_4,0.9845,0.8739,0.9455,0.7761,1.0,0.9983,0.9691,0.0,0.0636,0.0138
rt_bin_class_xgboost,wine_quality_fold_0,0.9551,0.3889,0.3825,0.4,0.3784,0.838,0.3255,0.0,0.1047,0.014
rt_bin_class_xgboost,wine_quality_fold_1,0.9551,0.4054,0.4054,0.4054,0.4054,0.8413,0.2767,0.0,0.1165,0.0145
rt_bin_class_xgboost,wine_quality_fold_2,0.9622,0.5067,0.5108,0.5,0.5135,0.9147,0.5472,0.0,0.1081,0.0136
rt_bin_class_xgboost,wine_quality_fold_3,0.9581,0.3692,0.3468,0.4138,0.3333,0.8066,0.3145,0.0,0.0997,0.0136
rt_bin_class_xgboost,wine_quality_fold_4,0.9632,0.3571,0.3049,0.5,0.2778,0.8519,0.372,0.0,0.1017,0.0132
rt_bin_class_xgboost,yeast_fold_0,0.9428,0.7119,0.6774,0.7778,0.6562,0.9804,0.8147,0.0,0.0354,0.0135
rt_bin_class_xgboost,yeast_fold_1,0.9562,0.8169,0.8529,0.7632,0.8788,0.9841,0.8613,0.0,0.0382,0.0132
rt_bin_class_xgboost,yeast_fold_2,0.936,0.7397,0.7849,0.675,0.8182,0.9644,0.7344,0.0,0.0382,0.0137
rt_bin_class_xgboost,yeast_fold_3,0.9259,0.6944,0.731,0.641,0.7576,0.9619,0.7224,0.0,0.0357,0.0139
rt_bin_class_xgboost,yeast_fold_4,0.9392,0.7273,0.7407,0.7059,0.75,0.9218,0.7585,0.0,0.0348,0.0134
