algorithm,dataset,accuracy,f1_score,f2_score,precision,recall,auc_score,pr_auc_score,perc_pred_missing,train_time_in_minutes,predict_time_in_minutes
rt_bin_class_decision_tree_sklearn,abalone_binarized_fold_0,0.8098,0.2673,0.3215,0.2086,0.3718,0.6133,0.3195,0.0,0.0245,0.0152
rt_bin_class_decision_tree_sklearn,abalone_binarized_fold_1,0.8278,0.234,0.2588,0.2018,0.2785,0.5818,0.2742,0.0,0.0202,0.016
rt_bin_class_decision_tree_sklearn,abalone_binarized_fold_2,0.8132,0.2571,0.3041,0.2045,0.3462,0.6037,0.3059,0.0,0.0211,0.0135
rt_bin_class_decision_tree_sklearn,abalone_binarized_fold_3,0.8192,0.2634,0.3075,0.2126,0.3462,0.607,0.3099,0.0,0.0161,0.0137
rt_bin_class_decision_tree_sklearn,abalone_binarized_fold_4,0.8144,0.2723,0.3244,0.2148,0.3718,0.6159,0.3226,0.0,0.016,0.0145
rt_bin_class_decision_tree_sklearn,auction_fold_0,1.0,1.0,1.0,1.0,1.0,1.0,1.0,0.0,0.0137,0.0132
rt_bin_class_decision_tree_sklearn,auction_fold_1,0.9902,0.9615,0.9506,0.9804,0.9434,0.9703,0.9656,0.0,0.0149,0.0141
rt_bin_class_decision_tree_sklearn,auction_fold_2,0.9927,0.9714,0.9659,0.9808,0.9623,0.9797,0.974,0.0,0.0146,0.0138
rt_bin_class_decision_tree_sklearn,auction_fold_3,0.9926,0.9714,0.977,0.9623,0.9808,0.9876,0.9727,0.0,0.0138,0.014
rt_bin_class_decision_tree_sklearn,auction_fold_4,0.9951,0.9808,0.9808,0.9808,0.9808,0.989,0.982,0.0,0.0133,0.0134
rt_bin_class_decision_tree_sklearn,car_eval_binarized_fold_0,0.9913,0.9474,0.9783,0.9,1.0,0.9953,0.95,0.0,0.0157,0.0142
rt_bin_class_decision_tree_sklearn,car_eval_binarized_fold_1,0.9855,0.9123,0.942,0.8667,0.963,0.9752,0.9163,0.0,0.0157,0.0141
rt_bin_class_decision_tree_sklearn,car_eval_binarized_fold_2,0.9827,0.8929,0.9124,0.8621,0.9259,0.9567,0.8969,0.0,0.0172,0.0146
rt_bin_class_decision_tree_sklearn,car_eval_binarized_fold_3,0.9826,0.8696,0.8065,1.0,0.7692,0.8846,0.8933,0.0,0.016,0.014
rt_bin_class_decision_tree_sklearn,car_eval_binarized_fold_4,0.9913,0.9412,0.9091,1.0,0.8889,0.9444,0.9488,0.0,0.0173,0.0139
rt_bin_class_decision_tree_sklearn,chess_fold_0,0.988,0.8444,0.8796,0.7917,0.9048,0.9489,0.8525,0.0,0.0146,0.0139
rt_bin_class_decision_tree_sklearn,chess_fold_1,0.9948,0.9333,0.9722,0.875,1.0,0.9976,0.9324,0.0,0.0154,0.0133
rt_bin_class_decision_tree_sklearn,chess_fold_2,0.9914,0.8936,0.9545,0.8077,1.0,0.9964,0.9096,0.0,0.014,0.0132
rt_bin_class_decision_tree_sklearn,chess_fold_3,0.9966,0.9524,0.9524,0.9524,0.9524,0.9761,0.9737,0.0,0.0156,0.0137
rt_bin_class_decision_tree_sklearn,chess_fold_4,0.9879,0.8571,0.9375,0.75,1.0,0.9922,0.8184,0.0,0.0147,0.0134
rt_bin_class_decision_tree_sklearn,climate_simulation_crashes_fold_0,0.8889,0.9388,0.9388,0.9388,0.9388,0.6694,0.9666,0.0,0.0173,0.0132
rt_bin_class_decision_tree_sklearn,climate_simulation_crashes_fold_1,0.9167,0.9543,0.9514,0.9592,0.9495,0.7525,0.9775,0.0,0.0157,0.0141
rt_bin_class_decision_tree_sklearn,climate_simulation_crashes_fold_2,0.8889,0.9388,0.9331,0.9485,0.9293,0.6869,0.9713,0.0,0.0172,0.0137
rt_bin_class_decision_tree_sklearn,climate_simulation_crashes_fold_3,0.8889,0.9388,0.9331,0.9485,0.9293,0.6869,0.9713,0.0,0.0167,0.0136
rt_bin_class_decision_tree_sklearn,climate_simulation_crashes_fold_4,0.9074,0.9495,0.9495,0.9495,0.9495,0.697,0.9726,0.0,0.0183,0.014
rt_bin_class_decision_tree_sklearn,club_loan_fold_0,0.6848,0.2115,0.2401,0.1765,0.2638,0.5145,0.2791,0.0,0.0254,0.0136
rt_bin_class_decision_tree_sklearn,club_loan_fold_1,0.7176,0.2304,0.2494,0.2045,0.2638,0.534,0.2932,0.0,0.0278,0.0141
rt_bin_class_decision_tree_sklearn,club_loan_fold_2,0.6832,0.2147,0.245,0.1781,0.2704,0.5162,0.2827,0.0,0.0285,0.0141
rt_bin_class_decision_tree_sklearn,club_loan_fold_3,0.695,0.2336,0.2649,0.1952,0.2908,0.5314,0.2997,0.0,0.0261,0.015
rt_bin_class_decision_tree_sklearn,club_loan_fold_4,0.6877,0.2254,0.2574,0.1867,0.2843,0.5244,0.2927,0.0,0.0257,0.0135
rt_bin_class_decision_tree_sklearn,coil_2000_fold_0,0.8738,0.1622,0.1855,0.1341,0.2051,0.5666,0.1841,0.0,0.0481,0.0172
rt_bin_class_decision_tree_sklearn,coil_2000_fold_1,0.8875,0.1467,0.155,0.1348,0.161,0.554,0.1693,0.0,0.0472,0.0159
rt_bin_class_decision_tree_sklearn,coil_2000_fold_2,0.8834,0.1226,0.1307,0.1111,0.1368,0.5413,0.1365,0.0,0.0466,0.0169
rt_bin_class_decision_tree_sklearn,coil_2000_fold_3,0.8778,0.1429,0.1585,0.1227,0.1709,0.5519,0.1653,0.0,0.0472,0.016
rt_bin_class_decision_tree_sklearn,coil_2000_fold_4,0.8824,0.1217,0.1303,0.1096,0.1368,0.5369,0.1452,0.0,0.0463,0.0163
rt_bin_class_decision_tree_sklearn,graduation_fold_0,0.7692,0.1333,0.1754,0.0952,0.2222,0.5195,0.1898,0.0,0.0139,0.0133
rt_bin_class_decision_tree_sklearn,graduation_fold_1,0.8136,0.1818,0.2215,0.14,0.2593,0.5605,0.2292,0.0,0.0136,0.0129
rt_bin_class_decision_tree_sklearn,graduation_fold_2,0.7774,0.1935,0.2586,0.1364,0.3333,0.5747,0.2616,0.0,0.0148,0.0138
rt_bin_class_decision_tree_sklearn,graduation_fold_3,0.8012,0.1728,0.216,0.1296,0.2593,0.5538,0.2241,0.0,0.0146,0.0134
rt_bin_class_decision_tree_sklearn,graduation_fold_4,0.819,0.0896,0.1014,0.075,0.1111,0.4959,0.1287,0.0,0.015,0.0136
rt_bin_class_decision_tree_sklearn,jm1_fold_0,0.7308,0.3603,0.3786,0.3333,0.3919,0.591,0.4042,0.0,0.0308,0.0135
rt_bin_class_decision_tree_sklearn,jm1_fold_1,0.7409,0.3843,0.4039,0.3556,0.4181,0.6027,0.422,0.0,0.0305,0.0141
rt_bin_class_decision_tree_sklearn,jm1_fold_2,0.7565,0.4201,0.441,0.3895,0.4561,0.633,0.4565,0.0,0.0305,0.0146
rt_bin_class_decision_tree_sklearn,jm1_fold_3,0.7363,0.365,0.3807,0.3416,0.3919,0.5895,0.3999,0.0,0.0316,0.0137
rt_bin_class_decision_tree_sklearn,jm1_fold_4,0.7524,0.3868,0.3963,0.372,0.4028,0.6178,0.4359,0.0,0.0303,0.014
rt_bin_class_decision_tree_sklearn,kc1_fold_0,0.7891,0.3597,0.3743,0.3378,0.3846,0.5996,0.3785,0.0,0.0185,0.0132
rt_bin_class_decision_tree_sklearn,kc1_fold_1,0.8246,0.4394,0.4434,0.4328,0.4462,0.6318,0.4315,0.0,0.0188,0.0132
rt_bin_class_decision_tree_sklearn,kc1_fold_2,0.8128,0.4234,0.4367,0.4028,0.4462,0.6414,0.4319,0.0,0.0183,0.0133
rt_bin_class_decision_tree_sklearn,kc1_fold_3,0.8175,0.4539,0.472,0.4267,0.4848,0.6628,0.4663,0.0,0.0188,0.0133
rt_bin_class_decision_tree_sklearn,kc1_fold_4,0.8052,0.3788,0.3823,0.3731,0.3846,0.6175,0.3991,0.0,0.0189,0.0138
rt_bin_class_decision_tree_sklearn,letter_img_fold_0,0.9952,0.9347,0.9328,0.9379,0.9315,0.9646,0.936,0.0,0.0294,0.0137
rt_bin_class_decision_tree_sklearn,letter_img_fold_1,0.994,0.9172,0.9097,0.9301,0.9048,0.9511,0.9192,0.0,0.0282,0.0144
rt_bin_class_decision_tree_sklearn,letter_img_fold_2,0.9915,0.8889,0.9103,0.8553,0.9252,0.9596,0.8916,0.0,0.0288,0.0146
rt_bin_class_decision_tree_sklearn,letter_img_fold_3,0.994,0.9189,0.9227,0.9128,0.9252,0.9609,0.9203,0.0,0.0286,0.0145
rt_bin_class_decision_tree_sklearn,letter_img_fold_4,0.994,0.9172,0.9097,0.9301,0.9048,0.9511,0.9192,0.0,0.0283,0.0145
rt_bin_class_decision_tree_sklearn,mammography_fold_0,0.9785,0.6,0.6522,0.5294,0.6923,0.8121,0.5509,0.0,0.0187,0.0142
rt_bin_class_decision_tree_sklearn,mammography_fold_1,0.9844,0.6465,0.6275,0.6809,0.6154,0.7569,0.5368,0.0,0.0183,0.013
rt_bin_class_decision_tree_sklearn,mammography_fold_2,0.975,0.5625,0.6338,0.4737,0.6923,0.8067,0.5299,0.0,0.0201,0.0137
rt_bin_class_decision_tree_sklearn,mammography_fold_3,0.9781,0.5586,0.5805,0.5254,0.5962,0.7291,0.4679,0.0,0.0183,0.0135
rt_bin_class_decision_tree_sklearn,mammography_fold_4,0.9772,0.5321,0.5472,0.5088,0.5577,0.7253,0.4448,0.0,0.0199,0.0135
rt_bin_class_decision_tree_sklearn,optical_digits_fold_0,0.96,0.7945,0.7923,0.7982,0.7909,0.8846,0.8048,0.0,0.0349,0.0153
rt_bin_class_decision_tree_sklearn,optical_digits_fold_1,0.9644,0.8113,0.789,0.8515,0.7748,0.88,0.8243,0.0,0.0339,0.0139
rt_bin_class_decision_tree_sklearn,optical_digits_fold_2,0.9698,0.8547,0.8818,0.813,0.9009,0.9391,0.8618,0.0,0.0346,0.0142
rt_bin_class_decision_tree_sklearn,optical_digits_fold_3,0.9804,0.9035,0.918,0.8803,0.9279,0.9571,0.9077,0.0,0.0354,0.0148
rt_bin_class_decision_tree_sklearn,optical_digits_fold_4,0.96,0.7847,0.7565,0.8367,0.7387,0.8615,0.8006,0.0,0.0337,0.0157
rt_bin_class_decision_tree_sklearn,ozone_level_fold_0,0.9152,0.3385,0.3416,0.3333,0.3438,0.6487,0.3593,0.0,0.037,0.0147
rt_bin_class_decision_tree_sklearn,ozone_level_fold_1,0.8836,0.2133,0.2339,0.186,0.25,0.5882,0.2417,0.0,0.0386,0.014
rt_bin_class_decision_tree_sklearn,ozone_level_fold_2,0.8817,0.3617,0.4474,0.2742,0.5312,0.7183,0.4175,0.0,0.0373,0.0144
rt_bin_class_decision_tree_sklearn,ozone_level_fold_3,0.8876,0.2963,0.339,0.2449,0.375,0.6486,0.3297,0.0,0.0385,0.0144
rt_bin_class_decision_tree_sklearn,ozone_level_fold_4,0.9111,0.3836,0.4142,0.3415,0.4375,0.6903,0.4073,0.0,0.0388,0.0141
rt_bin_class_decision_tree_sklearn,page_blocks_fold_0,0.9507,0.7672,0.7835,0.7417,0.7946,0.886,0.7816,0.0,0.0168,0.0132
rt_bin_class_decision_tree_sklearn,page_blocks_fold_1,0.9689,0.8522,0.8657,0.8305,0.875,0.9314,0.8578,0.0,0.0171,0.0138
rt_bin_class_decision_tree_sklearn,page_blocks_fold_2,0.9506,0.7787,0.8232,0.7143,0.8559,0.9087,0.7903,0.0,0.0175,0.0145
rt_bin_class_decision_tree_sklearn,page_blocks_fold_3,0.9662,0.8341,0.8318,0.8378,0.8304,0.9054,0.8318,0.0,0.0176,0.0138
rt_bin_class_decision_tree_sklearn,page_blocks_fold_4,0.9698,0.852,0.8497,0.8559,0.8482,0.9159,0.8586,0.0,0.0179,0.0137
rt_bin_class_decision_tree_sklearn,pc1_fold_0,0.8739,0.2632,0.3012,0.2174,0.3333,0.624,0.2995,0.0,0.0171,0.0138
rt_bin_class_decision_tree_sklearn,pc1_fold_1,0.9054,0.4,0.4375,0.35,0.4667,0.7031,0.4306,0.0,0.018,0.0127
rt_bin_class_decision_tree_sklearn,pc1_fold_2,0.9144,0.5366,0.618,0.44,0.6875,0.8098,0.575,0.0,0.0173,0.0136
rt_bin_class_decision_tree_sklearn,pc1_fold_3,0.8784,0.3077,0.3448,0.2609,0.375,0.6446,0.3131,0.0,0.0166,0.0141
rt_bin_class_decision_tree_sklearn,pc1_fold_4,0.8959,0.439,0.5233,0.3462,0.6,0.7602,0.4908,0.0,0.0175,0.0136
rt_bin_class_decision_tree_sklearn,pen_digits_fold_0,0.9873,0.9361,0.957,0.9031,0.9716,0.9802,0.9387,0.0,0.0257,0.0141
rt_bin_class_decision_tree_sklearn,pen_digits_fold_1,0.9877,0.9371,0.9463,0.922,0.9526,0.972,0.9396,0.0,0.0249,0.0138
rt_bin_class_decision_tree_sklearn,pen_digits_fold_2,0.9923,0.96,0.9641,0.9533,0.9668,0.9809,0.9616,0.0,0.0257,0.0131
rt_bin_class_decision_tree_sklearn,pen_digits_fold_3,0.9909,0.9526,0.9526,0.9526,0.9526,0.9738,0.9549,0.0,0.0256,0.013
rt_bin_class_decision_tree_sklearn,pen_digits_fold_4,0.9873,0.9336,0.9336,0.9336,0.9336,0.9633,0.9368,0.0,0.025,0.0146
rt_bin_class_decision_tree_sklearn,pie_chart_fold_0,0.8472,0.3774,0.3731,0.3846,0.3704,0.6429,0.4168,0.0,0.0196,0.0132
rt_bin_class_decision_tree_sklearn,pie_chart_fold_1,0.8009,0.3175,0.3472,0.2778,0.3704,0.6164,0.3634,0.0,0.0196,0.0133
rt_bin_class_decision_tree_sklearn,pie_chart_fold_2,0.7628,0.3377,0.4194,0.2549,0.5,0.6495,0.4077,0.0,0.0192,0.0138
rt_bin_class_decision_tree_sklearn,pie_chart_fold_3,0.8233,0.4062,0.4483,0.3514,0.4815,0.6769,0.449,0.0,0.0194,0.0141
rt_bin_class_decision_tree_sklearn,pie_chart_fold_4,0.8047,0.3226,0.3497,0.2857,0.3704,0.6187,0.3676,0.0,0.02,0.0127
rt_bin_class_decision_tree_sklearn,satellite_fold_0,0.9853,0.6154,0.7143,0.5,0.8,0.894,0.6515,0.0,0.0287,0.0153
rt_bin_class_decision_tree_sklearn,satellite_fold_1,0.9843,0.4667,0.4667,0.4667,0.4667,0.7294,0.4706,0.0,0.0295,0.0144
rt_bin_class_decision_tree_sklearn,satellite_fold_2,0.9863,0.5333,0.5333,0.5333,0.5333,0.7632,0.5368,0.0,0.0271,0.0137
rt_bin_class_decision_tree_sklearn,satellite_fold_3,0.9853,0.5161,0.5263,0.5,0.5333,0.7627,0.5201,0.0,0.0268,0.0143
rt_bin_class_decision_tree_sklearn,satellite_fold_4,0.9892,0.6452,0.6579,0.625,0.6667,0.8303,0.6483,0.0,0.0268,0.0135
rt_bin_class_decision_tree_sklearn,satimage_fold_0,0.9083,0.5845,0.6297,0.522,0.664,0.7993,0.6093,0.0,0.0409,0.0149
rt_bin_class_decision_tree_sklearn,satimage_fold_1,0.9176,0.6159,0.6528,0.5629,0.68,0.8116,0.637,0.0,0.0404,0.0142
rt_bin_class_decision_tree_sklearn,satimage_fold_2,0.8928,0.5369,0.5944,0.4624,0.64,0.78,0.5687,0.0,0.0405,0.0133
rt_bin_class_decision_tree_sklearn,satimage_fold_3,0.906,0.5364,0.5503,0.5147,0.56,0.7516,0.5587,0.0,0.04,0.0134
rt_bin_class_decision_tree_sklearn,satimage_fold_4,0.8897,0.5,0.5363,0.4494,0.5635,0.7443,0.5278,0.0,0.0397,0.0146
rt_bin_class_decision_tree_sklearn,seismic_bumps_fold_0,0.8472,0.1684,0.203,0.1311,0.2353,0.5628,0.2084,0.0,0.0171,0.0139
rt_bin_class_decision_tree_sklearn,seismic_bumps_fold_1,0.8472,0.1505,0.1795,0.1186,0.2059,0.5491,0.1884,0.0,0.0176,0.0128
rt_bin_class_decision_tree_sklearn,seismic_bumps_fold_2,0.8491,0.2642,0.3365,0.1944,0.4118,0.6458,0.3224,0.0,0.0179,0.0138
rt_bin_class_decision_tree_sklearn,seismic_bumps_fold_3,0.8453,0.1837,0.225,0.1406,0.2647,0.5754,0.2268,0.0,0.0175,0.0136
rt_bin_class_decision_tree_sklearn,seismic_bumps_fold_4,0.8198,0.1468,0.1896,0.1067,0.2353,0.5481,0.1962,0.0,0.018,0.0135
rt_bin_class_decision_tree_sklearn,sick_euthyroid_fold_0,0.9621,0.8154,0.8632,0.7465,0.8983,0.9335,0.8271,0.0,0.0209,0.0141
rt_bin_class_decision_tree_sklearn,sick_euthyroid_fold_1,0.9479,0.766,0.8491,0.6585,0.9153,0.9332,0.7908,0.0,0.0207,0.0133
rt_bin_class_decision_tree_sklearn,sick_euthyroid_fold_2,0.9716,0.8448,0.8362,0.8596,0.8305,0.9083,0.853,0.0,0.0199,0.0131
rt_bin_class_decision_tree_sklearn,sick_euthyroid_fold_3,0.9573,0.7731,0.785,0.7541,0.7931,0.8835,0.7831,0.0,0.0201,0.0145
rt_bin_class_decision_tree_sklearn,sick_euthyroid_fold_4,0.9636,0.813,0.8418,0.7692,0.8621,0.918,0.822,0.0,0.0196,0.0137
rt_bin_class_decision_tree_sklearn,solar_flare_fold_0,0.8813,0.2326,0.3049,0.1667,0.3846,0.6695,0.2856,0.0,0.0182,0.0148
rt_bin_class_decision_tree_sklearn,solar_flare_fold_1,0.9353,0.3571,0.3571,0.3571,0.3571,0.7189,0.1709,0.0,0.0184,0.0139
rt_bin_class_decision_tree_sklearn,solar_flare_fold_2,0.8957,0.1212,0.1333,0.1053,0.1429,0.556,0.1041,0.0,0.0185,0.0145
rt_bin_class_decision_tree_sklearn,solar_flare_fold_3,0.8921,0.1667,0.1923,0.1364,0.2143,0.6426,0.2238,0.0,0.0172,0.0142
rt_bin_class_decision_tree_sklearn,solar_flare_fold_4,0.9278,0.1667,0.1587,0.1818,0.1538,0.6148,0.1577,0.0,0.0162,0.013
rt_bin_class_decision_tree_sklearn,thoracic_surgery_fold_0,0.6383,0.7703,0.7345,0.8382,0.7125,0.4634,0.8977,0.0,0.0159,0.0133
rt_bin_class_decision_tree_sklearn,thoracic_surgery_fold_1,0.734,0.8428,0.8396,0.8481,0.8375,0.4902,0.9119,0.0,0.0158,0.0125
rt_bin_class_decision_tree_sklearn,thoracic_surgery_fold_2,0.6915,0.8079,0.7801,0.8592,0.7625,0.5241,0.9119,0.0,0.0162,0.0133
rt_bin_class_decision_tree_sklearn,thoracic_surgery_fold_3,0.7021,0.8158,0.7908,0.8611,0.775,0.5304,0.9138,0.0,0.0153,0.0145
rt_bin_class_decision_tree_sklearn,thoracic_surgery_fold_4,0.6915,0.8054,0.7712,0.8696,0.75,0.5536,0.9162,0.0,0.0166,0.0138
rt_bin_class_decision_tree_sklearn,thyroid_disease_fold_0,0.9828,0.866,0.8936,0.8235,0.913,0.9502,0.8709,0.0,0.0194,0.0143
rt_bin_class_decision_tree_sklearn,thyroid_disease_fold_1,0.9762,0.8163,0.8368,0.7843,0.8511,0.9178,0.8223,0.0,0.0196,0.0137
rt_bin_class_decision_tree_sklearn,thyroid_disease_fold_2,0.9907,0.9231,0.917,0.9333,0.913,0.9544,0.9258,0.0,0.0188,0.0138
rt_bin_class_decision_tree_sklearn,thyroid_disease_fold_3,0.9801,0.8485,0.8861,0.7925,0.913,0.9488,0.8554,0.0,0.0193,0.0134
rt_bin_class_decision_tree_sklearn,thyroid_disease_fold_4,0.9881,0.9032,0.9091,0.8936,0.913,0.953,0.906,0.0,0.0191,0.014
rt_bin_class_decision_tree_sklearn,us_crime_fold_0,0.8872,0.4828,0.5932,0.3684,0.7,0.8012,0.5455,0.0,0.041,0.0141
rt_bin_class_decision_tree_sklearn,us_crime_fold_1,0.8872,0.4,0.4545,0.3333,0.5,0.7093,0.4355,0.0,0.0407,0.0138
rt_bin_class_decision_tree_sklearn,us_crime_fold_2,0.8922,0.3944,0.4348,0.3415,0.4667,0.6967,0.4241,0.0,0.0398,0.0146
rt_bin_class_decision_tree_sklearn,us_crime_fold_3,0.8747,0.3421,0.3916,0.2826,0.4333,0.672,0.3793,0.0,0.0391,0.0153
rt_bin_class_decision_tree_sklearn,us_crime_fold_4,0.8693,0.2571,0.2812,0.225,0.3,0.6079,0.2889,0.0,0.0419,0.0141
rt_bin_class_decision_tree_sklearn,vowel_fold_0,0.9949,0.973,0.989,0.9474,1.0,0.9972,0.9737,0.0,0.016,0.0128
rt_bin_class_decision_tree_sklearn,vowel_fold_1,0.9798,0.8947,0.9239,0.85,0.9444,0.9639,0.8997,0.0,0.017,0.013
rt_bin_class_decision_tree_sklearn,vowel_fold_2,0.9646,0.8205,0.8602,0.7619,0.8889,0.9306,0.8304,0.0,0.0172,0.0142
rt_bin_class_decision_tree_sklearn,vowel_fold_3,0.9949,0.9714,0.9551,1.0,0.9444,0.9722,0.9748,0.0,0.0174,0.0138
rt_bin_class_decision_tree_sklearn,vowel_fold_4,0.9695,0.8421,0.8696,0.8,0.8889,0.9333,0.8495,0.0,0.0168,0.0137
rt_bin_class_decision_tree_sklearn,wilt_fold_0,0.9824,0.8468,0.8704,0.8103,0.8868,0.9374,0.8517,0.0,0.0161,0.0133
rt_bin_class_decision_tree_sklearn,wilt_fold_1,0.969,0.7273,0.7519,0.6897,0.7692,0.8748,0.7356,0.0,0.0166,0.0143
rt_bin_class_decision_tree_sklearn,wilt_fold_2,0.9835,0.8462,0.8462,0.8462,0.8462,0.9187,0.8503,0.0,0.0163,0.0129
rt_bin_class_decision_tree_sklearn,wilt_fold_3,0.9731,0.7833,0.8514,0.6912,0.9038,0.9405,0.8001,0.0,0.0157,0.0125
rt_bin_class_decision_tree_sklearn,wilt_fold_4,0.97,0.768,0.8541,0.6575,0.9231,0.9479,0.7924,0.0,0.0161,0.0137
rt_bin_class_decision_tree_sklearn,wine_quality_fold_0,0.8908,0.2517,0.3543,0.1698,0.4865,0.6966,0.3378,0.0,0.0185,0.0137
rt_bin_class_decision_tree_sklearn,wine_quality_fold_1,0.9265,0.3455,0.4299,0.2603,0.5135,0.7281,0.3961,0.0,0.0185,0.0141
rt_bin_class_decision_tree_sklearn,wine_quality_fold_2,0.9388,0.3878,0.4545,0.3115,0.5135,0.7345,0.4217,0.0,0.0194,0.013
rt_bin_class_decision_tree_sklearn,wine_quality_fold_3,0.9244,0.2292,0.2696,0.1833,0.3056,0.6268,0.2572,0.0,0.0197,0.0131
rt_bin_class_decision_tree_sklearn,wine_quality_fold_4,0.9234,0.2268,0.2683,0.1803,0.3056,0.6263,0.2557,0.0,0.0195,0.0134
rt_bin_class_decision_tree_sklearn,yeast_fold_0,0.9461,0.75,0.75,0.75,0.75,0.8599,0.7635,0.0,0.0146,0.0129
rt_bin_class_decision_tree_sklearn,yeast_fold_1,0.9529,0.7879,0.7879,0.7879,0.7879,0.8807,0.7997,0.0,0.0143,0.0138
rt_bin_class_decision_tree_sklearn,yeast_fold_2,0.9259,0.7027,0.7514,0.6341,0.7879,0.8655,0.7228,0.0,0.015,0.0129
rt_bin_class_decision_tree_sklearn,yeast_fold_3,0.9495,0.7826,0.8036,0.75,0.8182,0.892,0.7942,0.0,0.014,0.0137
rt_bin_class_decision_tree_sklearn,yeast_fold_4,0.9358,0.6984,0.6918,0.7097,0.6875,0.8267,0.7155,0.0,0.0138,0.0138
