algorithm,dataset,accuracy,f1_score,f2_score,precision,recall,auc_score,pr_auc_score,perc_pred_missing,train_time_in_minutes,predict_time_in_minutes
rt_bin_class_rf_hyperopt,abalone_binarized_fold_0,0.8469,0.3263,0.3656,0.2768,0.3974,0.8194,0.2483,0.0,0.0783,0.0165
rt_bin_class_rf_hyperopt,abalone_binarized_fold_1,0.8541,0.3511,0.3882,0.3028,0.4177,0.8182,0.2955,0.0,0.0753,0.0132
rt_bin_class_rf_hyperopt,abalone_binarized_fold_2,0.8371,0.3333,0.3881,0.2698,0.4359,0.8466,0.2669,0.0,0.0698,0.0139
rt_bin_class_rf_hyperopt,abalone_binarized_fold_3,0.8539,0.3441,0.381,0.2963,0.4103,0.8466,0.2712,0.0,0.0665,0.0143
rt_bin_class_rf_hyperopt,abalone_binarized_fold_4,0.8455,0.4215,0.5142,0.3241,0.6026,0.8511,0.3022,0.0,0.0684,0.0141
rt_bin_class_rf_hyperopt,auction_fold_0,0.9853,0.9423,0.9423,0.9423,0.9423,0.9973,0.9826,0.0,0.0235,0.0131
rt_bin_class_rf_hyperopt,auction_fold_1,0.9902,0.9608,0.9387,1.0,0.9245,0.9977,0.9884,0.0,0.0233,0.0123
rt_bin_class_rf_hyperopt,auction_fold_2,0.9731,0.8932,0.8779,0.92,0.8679,0.9969,0.9788,0.0,0.0236,0.0129
rt_bin_class_rf_hyperopt,auction_fold_3,0.9755,0.9057,0.916,0.8889,0.9231,0.9945,0.9446,0.0,0.0234,0.0141
rt_bin_class_rf_hyperopt,auction_fold_4,0.9706,0.8868,0.8969,0.8704,0.9038,0.993,0.953,0.0,0.0233,0.0134
rt_bin_class_rf_hyperopt,car_eval_binarized_fold_0,0.9884,0.9259,0.9259,0.9259,0.9259,0.9992,0.9904,0.0,0.0254,0.0137
rt_bin_class_rf_hyperopt,car_eval_binarized_fold_1,0.9827,0.9,0.9574,0.8182,1.0,0.9976,0.9724,0.0,0.0251,0.0137
rt_bin_class_rf_hyperopt,car_eval_binarized_fold_2,0.9827,0.8846,0.8647,0.92,0.8519,0.9974,0.9696,0.0,0.0243,0.0138
rt_bin_class_rf_hyperopt,car_eval_binarized_fold_3,0.9739,0.8,0.7317,0.9474,0.6923,0.9983,0.9777,0.0,0.0246,0.013
rt_bin_class_rf_hyperopt,car_eval_binarized_fold_4,0.9855,0.902,0.8712,0.9583,0.8519,0.9995,0.9943,0.0,0.0251,0.0133
rt_bin_class_rf_hyperopt,chess_fold_0,0.9966,0.9545,0.9813,0.913,1.0,0.9998,0.9958,0.0,0.0225,0.014
rt_bin_class_rf_hyperopt,chess_fold_1,0.9931,0.9091,0.9346,0.8696,0.9524,0.9967,0.8382,0.0,0.0228,0.0128
rt_bin_class_rf_hyperopt,chess_fold_2,0.9914,0.8936,0.9545,0.8077,1.0,0.9994,0.9859,0.0,0.0238,0.0126
rt_bin_class_rf_hyperopt,chess_fold_3,0.9983,0.9756,0.9615,1.0,0.9524,0.9999,0.9978,0.0,0.0227,0.0138
rt_bin_class_rf_hyperopt,chess_fold_4,0.9914,0.8936,0.9545,0.8077,1.0,0.993,0.6717,0.0,0.0231,0.0137
rt_bin_class_rf_hyperopt,climate_simulation_crashes_fold_0,0.9167,0.9557,0.9759,0.9238,0.9898,0.8923,0.9826,0.0,0.0271,0.0135
rt_bin_class_rf_hyperopt,climate_simulation_crashes_fold_1,0.8981,0.9447,0.9476,0.94,0.9495,0.8765,0.9865,0.0,0.0256,0.013
rt_bin_class_rf_hyperopt,climate_simulation_crashes_fold_2,0.9352,0.9655,0.98,0.9423,0.9899,0.9602,0.9963,0.0,0.027,0.0135
rt_bin_class_rf_hyperopt,climate_simulation_crashes_fold_3,0.9444,0.97,0.9759,0.9604,0.9798,0.968,0.9971,0.0,0.0265,0.0136
rt_bin_class_rf_hyperopt,climate_simulation_crashes_fold_4,0.9352,0.9659,0.9861,0.934,1.0,0.977,0.9979,0.0,0.0274,0.0141
rt_bin_class_rf_hyperopt,club_loan_fold_0,0.7865,0.2384,0.2195,0.2783,0.2085,0.6341,0.2497,0.0,0.1425,0.0155
rt_bin_class_rf_hyperopt,club_loan_fold_1,0.7751,0.2063,0.1913,0.2373,0.1824,0.6329,0.2194,0.0,0.1259,0.0148
rt_bin_class_rf_hyperopt,club_loan_fold_2,0.7829,0.2296,0.2122,0.2661,0.202,0.635,0.2364,0.0,0.1259,0.0143
rt_bin_class_rf_hyperopt,club_loan_fold_3,0.7849,0.2167,0.1974,0.2591,0.1863,0.6422,0.2265,0.0,0.1261,0.0148
rt_bin_class_rf_hyperopt,club_loan_fold_4,0.7734,0.2305,0.2193,0.2519,0.2124,0.6268,0.2303,0.0,0.1279,0.0146
rt_bin_class_rf_hyperopt,coil_2000_fold_0,0.9216,0.0941,0.0768,0.1509,0.0684,0.7128,0.1244,0.0,0.1732,0.0169
rt_bin_class_rf_hyperopt,coil_2000_fold_1,0.9211,0.1243,0.1036,0.1864,0.0932,0.6485,0.122,0.0,0.1834,0.0178
rt_bin_class_rf_hyperopt,coil_2000_fold_2,0.9216,0.1348,0.1134,0.1967,0.1026,0.6637,0.1142,0.0,0.1786,0.0174
rt_bin_class_rf_hyperopt,coil_2000_fold_3,0.914,0.1152,0.1015,0.1486,0.094,0.6486,0.1342,0.0,0.1744,0.0168
rt_bin_class_rf_hyperopt,coil_2000_fold_4,0.9226,0.1264,0.1048,0.193,0.094,0.7162,0.1429,0.0,0.1749,0.0171
rt_bin_class_rf_hyperopt,graduation_fold_0,0.8876,0.1364,0.12,0.1765,0.1111,0.6843,0.1625,0.0,0.0319,0.0139
rt_bin_class_rf_hyperopt,graduation_fold_1,0.8166,0.1842,0.2229,0.1429,0.2593,0.6681,0.1327,0.0,0.0342,0.0138
rt_bin_class_rf_hyperopt,graduation_fold_2,0.8042,0.175,0.2174,0.1321,0.2593,0.6924,0.1343,0.0,0.0329,0.0133
rt_bin_class_rf_hyperopt,graduation_fold_3,0.8101,0.2195,0.2761,0.1636,0.3333,0.6856,0.1335,0.0,0.0327,0.0123
rt_bin_class_rf_hyperopt,graduation_fold_4,0.7745,0.0952,0.1212,0.0702,0.1481,0.5977,0.0903,0.0,0.0326,0.0132
rt_bin_class_rf_hyperopt,jm1_fold_0,0.7754,0.3864,0.3738,0.4096,0.3658,0.7202,0.4162,0.0,0.1802,0.0147
rt_bin_class_rf_hyperopt,jm1_fold_1,0.7869,0.4214,0.4092,0.4436,0.4014,0.7494,0.4439,0.0,0.1807,0.0151
rt_bin_class_rf_hyperopt,jm1_fold_2,0.8034,0.4569,0.4388,0.4905,0.4276,0.7827,0.484,0.0,0.1818,0.0143
rt_bin_class_rf_hyperopt,jm1_fold_3,0.7869,0.4141,0.399,0.442,0.3895,0.7537,0.421,0.0,0.1795,0.015
rt_bin_class_rf_hyperopt,jm1_fold_4,0.796,0.408,0.3795,0.4665,0.3626,0.7466,0.4379,0.0,0.1832,0.015
rt_bin_class_rf_hyperopt,kc1_fold_0,0.8246,0.4308,0.4308,0.4308,0.4308,0.8446,0.4553,0.0,0.0411,0.0141
rt_bin_class_rf_hyperopt,kc1_fold_1,0.8412,0.437,0.414,0.4815,0.4,0.817,0.424,0.0,0.0413,0.0137
rt_bin_class_rf_hyperopt,kc1_fold_2,0.8294,0.4375,0.4334,0.4444,0.4308,0.8002,0.4319,0.0,0.0404,0.0133
rt_bin_class_rf_hyperopt,kc1_fold_3,0.8246,0.4861,0.5117,0.4487,0.5303,0.831,0.5234,0.0,0.0405,0.0141
rt_bin_class_rf_hyperopt,kc1_fold_4,0.81,0.3939,0.3976,0.3881,0.4,0.7903,0.4295,0.0,0.0403,0.0135
rt_bin_class_rf_hyperopt,letter_img_fold_0,0.9975,0.9648,0.9488,0.9928,0.9384,0.9999,0.9978,0.0,0.1816,0.0153
rt_bin_class_rf_hyperopt,letter_img_fold_1,0.9975,0.9653,0.9534,0.9858,0.9456,0.9997,0.9933,0.0,0.1827,0.0157
rt_bin_class_rf_hyperopt,letter_img_fold_2,0.9955,0.9362,0.9129,0.9778,0.898,0.9996,0.992,0.0,0.177,0.0153
rt_bin_class_rf_hyperopt,letter_img_fold_3,0.998,0.9724,0.9644,0.986,0.9592,0.9999,0.9967,0.0,0.1821,0.016
rt_bin_class_rf_hyperopt,letter_img_fold_4,0.9975,0.965,0.9491,0.9928,0.9388,0.9999,0.9984,0.0,0.1744,0.0144
rt_bin_class_rf_hyperopt,mammography_fold_0,0.9861,0.7207,0.7491,0.678,0.7692,0.9205,0.7649,0.0,0.1101,0.0131
rt_bin_class_rf_hyperopt,mammography_fold_1,0.987,0.701,0.6719,0.7556,0.6538,0.9501,0.7812,0.0,0.1096,0.0141
rt_bin_class_rf_hyperopt,mammography_fold_2,0.9768,0.6119,0.7069,0.5,0.7885,0.9322,0.7487,0.0,0.1136,0.0145
rt_bin_class_rf_hyperopt,mammography_fold_3,0.9835,0.6105,0.5777,0.6744,0.5577,0.9356,0.7174,0.0,0.1101,0.0139
rt_bin_class_rf_hyperopt,mammography_fold_4,0.9776,0.5968,0.6607,0.5139,0.7115,0.9343,0.6238,0.0,0.1143,0.0137
rt_bin_class_rf_hyperopt,optical_digits_fold_0,0.9875,0.9327,0.9015,0.9898,0.8818,0.9996,0.9956,0.0,0.1228,0.0154
rt_bin_class_rf_hyperopt,optical_digits_fold_1,0.9849,0.9194,0.8915,0.97,0.8739,0.9987,0.9881,0.0,0.1209,0.0145
rt_bin_class_rf_hyperopt,optical_digits_fold_2,0.9902,0.9484,0.9249,0.9902,0.9099,0.9995,0.9955,0.0,0.1213,0.0148
rt_bin_class_rf_hyperopt,optical_digits_fold_3,0.992,0.9577,0.9341,1.0,0.9189,0.9994,0.9954,0.0,0.1227,0.0158
rt_bin_class_rf_hyperopt,optical_digits_fold_4,0.984,0.9118,0.8659,1.0,0.8378,0.9983,0.987,0.0,0.1225,0.0152
rt_bin_class_rf_hyperopt,ozone_level_fold_0,0.927,0.4308,0.4348,0.4242,0.4375,0.9312,0.4708,0.0,0.1232,0.0148
rt_bin_class_rf_hyperopt,ozone_level_fold_1,0.9349,0.4407,0.4194,0.4815,0.4062,0.8886,0.3886,0.0,0.1264,0.0164
rt_bin_class_rf_hyperopt,ozone_level_fold_2,0.927,0.5067,0.5556,0.4419,0.5938,0.9333,0.4598,0.0,0.1214,0.0151
rt_bin_class_rf_hyperopt,ozone_level_fold_3,0.9211,0.3548,0.3481,0.3667,0.3438,0.8596,0.3692,0.0,0.1223,0.0154
rt_bin_class_rf_hyperopt,ozone_level_fold_4,0.9447,0.5625,0.5625,0.5625,0.5625,0.9222,0.4795,0.0,0.1162,0.0153
rt_bin_class_rf_hyperopt,page_blocks_fold_0,0.9717,0.867,0.8875,0.8347,0.9018,0.9917,0.9182,0.0,0.0695,0.014
rt_bin_class_rf_hyperopt,page_blocks_fold_1,0.9763,0.8917,0.9288,0.8359,0.9554,0.9957,0.9617,0.0,0.0711,0.0139
rt_bin_class_rf_hyperopt,page_blocks_fold_2,0.9644,0.8395,0.8854,0.7727,0.9189,0.9793,0.887,0.0,0.0696,0.0148
rt_bin_class_rf_hyperopt,page_blocks_fold_3,0.9689,0.8522,0.8657,0.8305,0.875,0.9932,0.9465,0.0,0.0729,0.0136
rt_bin_class_rf_hyperopt,page_blocks_fold_4,0.9726,0.8739,0.9059,0.8254,0.9286,0.9901,0.9148,0.0,0.0692,0.0143
rt_bin_class_rf_hyperopt,pc1_fold_0,0.9009,0.4211,0.4819,0.3478,0.5333,0.8449,0.3643,0.0,0.0327,0.0136
rt_bin_class_rf_hyperopt,pc1_fold_1,0.9234,0.4516,0.4605,0.4375,0.4667,0.8789,0.5504,0.0,0.0317,0.0137
rt_bin_class_rf_hyperopt,pc1_fold_2,0.9459,0.6,0.5769,0.6429,0.5625,0.946,0.639,0.0,0.0321,0.0133
rt_bin_class_rf_hyperopt,pc1_fold_3,0.9324,0.4444,0.4,0.5455,0.375,0.8439,0.4656,0.0,0.0317,0.0127
rt_bin_class_rf_hyperopt,pc1_fold_4,0.8914,0.3333,0.3704,0.2857,0.4,0.7989,0.2768,0.0,0.0314,0.0143
rt_bin_class_rf_hyperopt,pen_digits_fold_0,0.9977,0.988,0.981,1.0,0.9763,0.9999,0.999,0.0,0.143,0.0135
rt_bin_class_rf_hyperopt,pen_digits_fold_1,0.9973,0.9856,0.9771,1.0,0.9716,1.0,0.9996,0.0,0.1419,0.014
rt_bin_class_rf_hyperopt,pen_digits_fold_2,0.9973,0.9856,0.98,0.9952,0.9763,0.9999,0.9992,0.0,0.1444,0.0134
rt_bin_class_rf_hyperopt,pen_digits_fold_3,0.9982,0.9905,0.9905,0.9905,0.9905,0.9999,0.9995,0.0,0.1418,0.0147
rt_bin_class_rf_hyperopt,pen_digits_fold_4,0.9968,0.9832,0.9762,0.9951,0.9716,0.9996,0.9937,0.0,0.1367,0.0145
rt_bin_class_rf_hyperopt,pie_chart_fold_0,0.838,0.2222,0.1984,0.2778,0.1852,0.7705,0.2785,0.0,0.0419,0.0134
rt_bin_class_rf_hyperopt,pie_chart_fold_1,0.8194,0.339,0.3571,0.3125,0.3704,0.8113,0.3958,0.0,0.0404,0.0131
rt_bin_class_rf_hyperopt,pie_chart_fold_2,0.8233,0.4865,0.5921,0.375,0.6923,0.8704,0.4557,0.0,0.0417,0.0141
rt_bin_class_rf_hyperopt,pie_chart_fold_3,0.8326,0.3571,0.365,0.3448,0.3704,0.8325,0.3485,0.0,0.0407,0.0144
rt_bin_class_rf_hyperopt,pie_chart_fold_4,0.8465,0.3774,0.3731,0.3846,0.3704,0.8525,0.3507,0.0,0.0402,0.0137
rt_bin_class_rf_hyperopt,satellite_fold_0,0.9922,0.7333,0.7333,0.7333,0.7333,0.9972,0.8837,0.0,0.1085,0.0145
rt_bin_class_rf_hyperopt,satellite_fold_1,0.9912,0.64,0.5714,0.8,0.5333,0.9181,0.7091,0.0,0.0944,0.0143
rt_bin_class_rf_hyperopt,satellite_fold_2,0.9941,0.7692,0.7042,0.9091,0.6667,0.9933,0.8198,0.0,0.0996,0.0142
rt_bin_class_rf_hyperopt,satellite_fold_3,0.9922,0.7143,0.6849,0.7692,0.6667,0.9839,0.7874,0.0,0.1004,0.0146
rt_bin_class_rf_hyperopt,satellite_fold_4,0.9951,0.8,0.7143,1.0,0.6667,0.9586,0.8734,0.0,0.099,0.0152
rt_bin_class_rf_hyperopt,satimage_fold_0,0.9433,0.7115,0.7166,0.7031,0.72,0.9679,0.7937,0.0,0.2228,0.0144
rt_bin_class_rf_hyperopt,satimage_fold_1,0.9371,0.6524,0.625,0.7037,0.608,0.9627,0.769,0.0,0.2155,0.0152
rt_bin_class_rf_hyperopt,satimage_fold_2,0.9332,0.6791,0.7076,0.6364,0.728,0.956,0.7577,0.0,0.2177,0.0151
rt_bin_class_rf_hyperopt,satimage_fold_3,0.9394,0.6422,0.5902,0.7527,0.56,0.9586,0.7624,0.0,0.2132,0.0158
rt_bin_class_rf_hyperopt,satimage_fold_4,0.9409,0.7077,0.721,0.6866,0.7302,0.97,0.8056,0.0,0.2189,0.0151
rt_bin_class_rf_hyperopt,seismic_bumps_fold_0,0.8801,0.1842,0.1966,0.1667,0.2059,0.6614,0.1166,0.0,0.0401,0.0147
rt_bin_class_rf_hyperopt,seismic_bumps_fold_1,0.8781,0.16,0.1695,0.1463,0.1765,0.7491,0.1488,0.0,0.0407,0.0142
rt_bin_class_rf_hyperopt,seismic_bumps_fold_2,0.9072,0.2727,0.2679,0.2812,0.2647,0.7361,0.2216,0.0,0.0408,0.0142
rt_bin_class_rf_hyperopt,seismic_bumps_fold_3,0.8859,0.2532,0.2762,0.2222,0.2941,0.7247,0.1884,0.0,0.0414,0.0141
rt_bin_class_rf_hyperopt,seismic_bumps_fold_4,0.8953,0.1818,0.1786,0.1875,0.1765,0.6609,0.1593,0.0,0.0416,0.0136
rt_bin_class_rf_hyperopt,sick_euthyroid_fold_0,0.9779,0.8906,0.9344,0.8261,0.9661,0.9916,0.9345,0.0,0.0392,0.0149
rt_bin_class_rf_hyperopt,sick_euthyroid_fold_1,0.9684,0.8387,0.8638,0.8,0.8814,0.9744,0.8748,0.0,0.0396,0.0146
rt_bin_class_rf_hyperopt,sick_euthyroid_fold_2,0.9763,0.876,0.8893,0.8548,0.8983,0.9935,0.9195,0.0,0.0404,0.0147
rt_bin_class_rf_hyperopt,sick_euthyroid_fold_3,0.9778,0.8727,0.8451,0.9231,0.8276,0.9949,0.958,0.0,0.0416,0.0147
rt_bin_class_rf_hyperopt,sick_euthyroid_fold_4,0.9668,0.8293,0.8586,0.7846,0.8793,0.9839,0.9057,0.0,0.0399,0.0142
rt_bin_class_rf_hyperopt,solar_flare_fold_0,0.8957,0.1714,0.2027,0.1364,0.2308,0.828,0.1276,0.0,0.0261,0.014
rt_bin_class_rf_hyperopt,solar_flare_fold_1,0.9317,0.1739,0.1538,0.2222,0.1429,0.7868,0.167,0.0,0.0265,0.0142
rt_bin_class_rf_hyperopt,solar_flare_fold_2,0.9245,0.087,0.0769,0.1111,0.0714,0.7073,0.0935,0.0,0.0256,0.0131
rt_bin_class_rf_hyperopt,solar_flare_fold_3,0.9029,0.1818,0.2,0.1579,0.2143,0.7144,0.115,0.0,0.0254,0.0143
rt_bin_class_rf_hyperopt,solar_flare_fold_4,0.9458,0.2105,0.1724,0.3333,0.1538,0.6636,0.12,0.0,0.026,0.0141
rt_bin_class_rf_hyperopt,thoracic_surgery_fold_0,0.8085,0.8875,0.8875,0.8875,0.8875,0.671,0.915,0.0,0.0219,0.0133
rt_bin_class_rf_hyperopt,thoracic_surgery_fold_1,0.8191,0.8994,0.9291,0.8539,0.95,0.6107,0.9047,0.0,0.0226,0.0131
rt_bin_class_rf_hyperopt,thoracic_surgery_fold_2,0.8085,0.8902,0.9035,0.869,0.9125,0.6281,0.904,0.0,0.0227,0.014
rt_bin_class_rf_hyperopt,thoracic_surgery_fold_3,0.7766,0.8743,0.8968,0.8391,0.9125,0.5598,0.9013,0.0,0.022,0.0132
rt_bin_class_rf_hyperopt,thoracic_surgery_fold_4,0.7128,0.8235,0.8015,0.863,0.7875,0.6415,0.9085,0.0,0.0218,0.0143
rt_bin_class_rf_hyperopt,thyroid_disease_fold_0,0.9907,0.9263,0.9442,0.898,0.9565,0.9992,0.99,0.0,0.0411,0.0138
rt_bin_class_rf_hyperopt,thyroid_disease_fold_1,0.9854,0.8791,0.8621,0.9091,0.8511,0.9966,0.9432,0.0,0.0406,0.0138
rt_bin_class_rf_hyperopt,thyroid_disease_fold_2,0.9841,0.8696,0.8696,0.8696,0.8696,0.9968,0.9554,0.0,0.0418,0.014
rt_bin_class_rf_hyperopt,thyroid_disease_fold_3,0.9854,0.8817,0.8874,0.8723,0.8913,0.9963,0.9518,0.0,0.0414,0.0138
rt_bin_class_rf_hyperopt,thyroid_disease_fold_4,0.9867,0.8913,0.8913,0.8913,0.8913,0.9972,0.9638,0.0,0.0416,0.0144
rt_bin_class_rf_hyperopt,us_crime_fold_0,0.9273,0.5672,0.6051,0.5135,0.6333,0.9381,0.4869,0.0,0.1061,0.0155
rt_bin_class_rf_hyperopt,us_crime_fold_1,0.9323,0.5714,0.5882,0.5455,0.6,0.9027,0.4738,0.0,0.1155,0.0157
rt_bin_class_rf_hyperopt,us_crime_fold_2,0.9073,0.4127,0.4248,0.3939,0.4333,0.9259,0.5013,0.0,0.1081,0.0144
rt_bin_class_rf_hyperopt,us_crime_fold_3,0.9348,0.5357,0.5137,0.5769,0.5,0.9117,0.51,0.0,0.1117,0.0152
rt_bin_class_rf_hyperopt,us_crime_fold_4,0.9095,0.4545,0.4808,0.4167,0.5,0.8958,0.393,0.0,0.1109,0.0142
rt_bin_class_rf_hyperopt,vowel_fold_0,0.9949,0.973,0.989,0.9474,1.0,1.0,1.0,0.0,0.0249,0.0136
rt_bin_class_rf_hyperopt,vowel_fold_1,1.0,1.0,1.0,1.0,1.0,1.0,1.0,0.0,0.0258,0.014
rt_bin_class_rf_hyperopt,vowel_fold_2,0.9899,0.9444,0.9444,0.9444,0.9444,0.9991,0.9904,0.0,0.024,0.0142
rt_bin_class_rf_hyperopt,vowel_fold_3,1.0,1.0,1.0,1.0,1.0,1.0,1.0,0.0,0.026,0.0138
rt_bin_class_rf_hyperopt,vowel_fold_4,0.9949,0.9714,0.9551,1.0,0.9444,0.9991,0.9919,0.0,0.0249,0.0133
rt_bin_class_rf_hyperopt,wilt_fold_0,0.9855,0.8727,0.8922,0.8421,0.9057,0.9813,0.9166,0.0,0.0662,0.0129
rt_bin_class_rf_hyperopt,wilt_fold_1,0.9793,0.8182,0.8459,0.7759,0.8654,0.9826,0.8834,0.0,0.066,0.0142
rt_bin_class_rf_hyperopt,wilt_fold_2,0.9907,0.9126,0.9073,0.9216,0.9038,0.9943,0.9024,0.0,0.0669,0.0135
rt_bin_class_rf_hyperopt,wilt_fold_3,0.9855,0.8727,0.9023,0.8276,0.9231,0.9954,0.925,0.0,0.0654,0.0125
rt_bin_class_rf_hyperopt,wilt_fold_4,0.9835,0.8596,0.9074,0.7903,0.9423,0.9957,0.9516,0.0,0.0668,0.0135
rt_bin_class_rf_hyperopt,wine_quality_fold_0,0.951,0.3514,0.3514,0.3514,0.3514,0.8806,0.41,0.0,0.0891,0.0139
rt_bin_class_rf_hyperopt,wine_quality_fold_1,0.9622,0.3509,0.2976,0.5,0.2703,0.8742,0.3702,0.0,0.0872,0.0137
rt_bin_class_rf_hyperopt,wine_quality_fold_2,0.9561,0.5057,0.5556,0.44,0.5946,0.9201,0.5375,0.0,0.0916,0.0136
rt_bin_class_rf_hyperopt,wine_quality_fold_3,0.9346,0.2381,0.2604,0.2083,0.2778,0.8389,0.3201,0.0,0.0896,0.0135
rt_bin_class_rf_hyperopt,wine_quality_fold_4,0.951,0.3514,0.3571,0.3421,0.3611,0.8911,0.3533,0.0,0.0888,0.0136
rt_bin_class_rf_hyperopt,yeast_fold_0,0.9562,0.7797,0.7419,0.8519,0.7188,0.986,0.851,0.0,0.0255,0.0136
rt_bin_class_rf_hyperopt,yeast_fold_1,0.963,0.8493,0.9012,0.775,0.9394,0.9879,0.9111,0.0,0.0263,0.0132
rt_bin_class_rf_hyperopt,yeast_fold_2,0.9327,0.75,0.838,0.6383,0.9091,0.9775,0.8334,0.0,0.0263,0.0141
rt_bin_class_rf_hyperopt,yeast_fold_3,0.936,0.7246,0.744,0.6944,0.7576,0.9601,0.7964,0.0,0.0251,0.0137
rt_bin_class_rf_hyperopt,yeast_fold_4,0.9459,0.7419,0.7278,0.7667,0.7188,0.9429,0.7941,0.0,0.0247,0.0132
