algorithm,dataset,accuracy,f1_score,f2_score,precision,recall,auc_score,pr_auc_score,perc_pred_missing,train_time_in_minutes,predict_time_in_minutes
rt_bin_class_svc_sklearn,abalone_binarized_fold_0,0.7512,0.3918,0.5816,0.2538,0.859,0.8715,0.3438,0.0,0.1313,0.0197
rt_bin_class_svc_sklearn,abalone_binarized_fold_1,0.7476,0.3848,0.569,0.25,0.8354,0.8458,0.3193,0.0,0.1134,0.0142
rt_bin_class_svc_sklearn,abalone_binarized_fold_2,0.7569,0.4116,0.6131,0.2659,0.9103,0.865,0.3007,0.0,0.1247,0.0139
rt_bin_class_svc_sklearn,abalone_binarized_fold_3,0.7629,0.4107,0.6053,0.2674,0.8846,0.8698,0.3235,0.0,0.1189,0.0141
rt_bin_class_svc_sklearn,abalone_binarized_fold_4,0.7377,0.3725,0.5575,0.2399,0.8333,0.8511,0.2841,0.0,0.1179,0.0139
rt_bin_class_svc_sklearn,auction_fold_0,0.8166,0.5033,0.6189,0.3838,0.7308,0.883,0.5857,0.0,0.0389,0.0131
rt_bin_class_svc_sklearn,auction_fold_1,0.8411,0.5185,0.5952,0.4268,0.6604,0.8789,0.5465,0.0,0.0374,0.0133
rt_bin_class_svc_sklearn,auction_fold_2,0.7628,0.4393,0.5723,0.3167,0.717,0.8648,0.5327,0.0,0.0399,0.0129
rt_bin_class_svc_sklearn,auction_fold_3,0.8015,0.4706,0.5825,0.3564,0.6923,0.8441,0.4767,0.0,0.0399,0.0138
rt_bin_class_svc_sklearn,auction_fold_4,0.8088,0.4583,0.55,0.3587,0.6346,0.8167,0.4845,0.0,0.0379,0.0128
rt_bin_class_svc_sklearn,car_eval_binarized_fold_0,0.9942,0.963,0.963,0.963,0.963,0.9998,0.9973,0.0,0.0239,0.0137
rt_bin_class_svc_sklearn,car_eval_binarized_fold_1,0.9942,0.9643,0.9854,0.931,1.0,0.9995,0.9945,0.0,0.0247,0.0138
rt_bin_class_svc_sklearn,car_eval_binarized_fold_2,0.9913,0.9434,0.9328,0.9615,0.9259,0.9997,0.996,0.0,0.025,0.0127
rt_bin_class_svc_sklearn,car_eval_binarized_fold_3,0.9797,0.8444,0.7724,1.0,0.7308,0.9987,0.985,0.0,0.0239,0.0135
rt_bin_class_svc_sklearn,car_eval_binarized_fold_4,0.9913,0.9412,0.9091,1.0,0.8889,1.0,1.0,0.0,0.0246,0.0132
rt_bin_class_svc_sklearn,chess_fold_0,0.9983,0.9756,0.9615,1.0,0.9524,1.0,1.0,0.0,0.0248,0.0133
rt_bin_class_svc_sklearn,chess_fold_1,0.9966,0.9545,0.9813,0.913,1.0,0.9972,0.8798,0.0,0.0258,0.0137
rt_bin_class_svc_sklearn,chess_fold_2,0.9914,0.8936,0.9545,0.8077,1.0,0.9986,0.9642,0.0,0.0249,0.0137
rt_bin_class_svc_sklearn,chess_fold_3,1.0,1.0,1.0,1.0,1.0,1.0,1.0,0.0,0.0241,0.0145
rt_bin_class_svc_sklearn,chess_fold_4,0.9931,0.913,0.9633,0.84,1.0,0.9942,0.7558,0.0,0.0252,0.0135
rt_bin_class_svc_sklearn,climate_simulation_crashes_fold_0,0.9167,0.9557,0.9759,0.9238,0.9898,0.8974,0.9889,0.0,0.0171,0.0134
rt_bin_class_svc_sklearn,climate_simulation_crashes_fold_1,0.9352,0.9659,0.9861,0.934,1.0,0.9259,0.9931,0.0,0.0169,0.0143
rt_bin_class_svc_sklearn,climate_simulation_crashes_fold_2,0.9259,0.9612,0.9841,0.9252,1.0,0.9635,0.9967,0.0,0.0168,0.0133
rt_bin_class_svc_sklearn,climate_simulation_crashes_fold_3,0.9167,0.9565,0.9821,0.9167,1.0,0.9029,0.9902,0.0,0.0166,0.0134
rt_bin_class_svc_sklearn,climate_simulation_crashes_fold_4,0.9444,0.9706,0.988,0.9429,1.0,0.9776,0.998,0.0,0.0181,0.0134
rt_bin_class_svc_sklearn,club_loan_fold_0,0.7249,0.2731,0.3007,0.2368,0.3225,0.6269,0.2277,0.0,1.0714,0.0195
rt_bin_class_svc_sklearn,club_loan_fold_1,0.726,0.2818,0.3117,0.2429,0.3355,0.633,0.2288,0.0,0.9703,0.0176
rt_bin_class_svc_sklearn,club_loan_fold_2,0.7166,0.2939,0.3343,0.2446,0.3681,0.631,0.2275,0.0,0.9834,0.0181
rt_bin_class_svc_sklearn,club_loan_fold_3,0.6903,0.2898,0.3451,0.2287,0.3954,0.6232,0.2156,0.0,0.9741,0.0186
rt_bin_class_svc_sklearn,club_loan_fold_4,0.6977,0.2878,0.338,0.2308,0.3824,0.604,0.2112,0.0,0.9839,0.0187
rt_bin_class_svc_sklearn,coil_2000_fold_0,0.8804,0.1812,0.2038,0.1529,0.2222,0.666,0.1158,0.0,1.8817,0.0248
rt_bin_class_svc_sklearn,coil_2000_fold_1,0.8646,0.0952,0.108,0.0795,0.1186,0.6486,0.0917,0.0,1.7617,0.0244
rt_bin_class_svc_sklearn,coil_2000_fold_2,0.8829,0.1481,0.161,0.1307,0.1709,0.6471,0.1106,0.0,1.8362,0.0251
rt_bin_class_svc_sklearn,coil_2000_fold_3,0.8651,0.1534,0.1807,0.1224,0.2051,0.6771,0.1166,0.0,1.8667,0.0247
rt_bin_class_svc_sklearn,coil_2000_fold_4,0.8691,0.1629,0.19,0.1316,0.2137,0.7117,0.1175,0.0,1.9022,0.0255
rt_bin_class_svc_sklearn,graduation_fold_0,0.6479,0.2323,0.3814,0.1406,0.6667,0.7234,0.1985,0.0,0.0337,0.0135
rt_bin_class_svc_sklearn,graduation_fold_1,0.7367,0.2645,0.396,0.1702,0.5926,0.7178,0.1386,0.0,0.0335,0.0131
rt_bin_class_svc_sklearn,graduation_fold_2,0.6855,0.1452,0.2195,0.0928,0.3333,0.671,0.1692,0.0,0.0325,0.0134
rt_bin_class_svc_sklearn,graduation_fold_3,0.6736,0.2143,0.3394,0.1327,0.5556,0.6636,0.175,0.0,0.0311,0.0138
rt_bin_class_svc_sklearn,graduation_fold_4,0.635,0.1517,0.2434,0.0932,0.4074,0.6112,0.1105,0.0,0.0329,0.0134
rt_bin_class_svc_sklearn,jm1_fold_0,0.7,0.4376,0.5239,0.3432,0.6033,0.7046,0.3573,0.0,1.414,0.0212
rt_bin_class_svc_sklearn,jm1_fold_1,0.6895,0.4192,0.5027,0.3284,0.5796,0.7061,0.3486,0.0,1.4383,0.0208
rt_bin_class_svc_sklearn,jm1_fold_2,0.7005,0.4291,0.5094,0.3398,0.5819,0.7324,0.4024,0.0,1.4581,0.0221
rt_bin_class_svc_sklearn,jm1_fold_3,0.6964,0.4355,0.5238,0.34,0.6057,0.7173,0.3646,0.0,1.428,0.0211
rt_bin_class_svc_sklearn,jm1_fold_4,0.7124,0.448,0.5292,0.3567,0.6019,0.7142,0.3845,0.0,1.4424,0.0205
rt_bin_class_svc_sklearn,kc1_fold_0,0.7227,0.4658,0.6159,0.3312,0.7846,0.826,0.4581,0.0,0.0569,0.0138
rt_bin_class_svc_sklearn,kc1_fold_1,0.7393,0.466,0.5985,0.3404,0.7385,0.8073,0.4318,0.0,0.0559,0.0148
rt_bin_class_svc_sklearn,kc1_fold_2,0.7204,0.41,0.519,0.3037,0.6308,0.7769,0.3673,0.0,0.0557,0.0133
rt_bin_class_svc_sklearn,kc1_fold_3,0.6754,0.417,0.5658,0.2899,0.7424,0.7816,0.3626,0.0,0.0566,0.0142
rt_bin_class_svc_sklearn,kc1_fold_4,0.7411,0.3978,0.4787,0.3103,0.5538,0.7296,0.3409,0.0,0.0541,0.0146
rt_bin_class_svc_sklearn,letter_img_fold_0,0.9972,0.9614,0.9474,0.9856,0.9384,0.9964,0.9926,0.0,0.3051,0.016
rt_bin_class_svc_sklearn,letter_img_fold_1,0.9988,0.9831,0.9851,0.9797,0.9864,0.9999,0.9981,0.0,0.3002,0.0159
rt_bin_class_svc_sklearn,letter_img_fold_2,0.9968,0.9553,0.9495,0.9653,0.9456,0.9999,0.9963,0.0,0.3008,0.0159
rt_bin_class_svc_sklearn,letter_img_fold_3,0.9988,0.9831,0.9851,0.9797,0.9864,1.0,0.9996,0.0,0.3121,0.0155
rt_bin_class_svc_sklearn,letter_img_fold_4,0.998,0.9722,0.9602,0.9929,0.9524,0.9998,0.9958,0.0,0.298,0.0148
rt_bin_class_svc_sklearn,mammography_fold_0,0.9504,0.4422,0.6197,0.2993,0.8462,0.9501,0.6787,0.0,0.3423,0.0149
rt_bin_class_svc_sklearn,mammography_fold_1,0.9638,0.5318,0.6991,0.3802,0.8846,0.9605,0.7331,0.0,0.3693,0.0156
rt_bin_class_svc_sklearn,mammography_fold_2,0.958,0.4778,0.6399,0.3359,0.8269,0.95,0.5661,0.0,0.339,0.0153
rt_bin_class_svc_sklearn,mammography_fold_3,0.9517,0.4706,0.6667,0.3158,0.9231,0.9683,0.7341,0.0,0.4116,0.0156
rt_bin_class_svc_sklearn,mammography_fold_4,0.962,0.5029,0.6575,0.3613,0.8269,0.927,0.5566,0.0,0.3499,0.0146
rt_bin_class_svc_sklearn,optical_digits_fold_0,0.9947,0.972,0.9559,1.0,0.9455,0.9997,0.9974,0.0,0.096,0.0157
rt_bin_class_svc_sklearn,optical_digits_fold_1,0.992,0.9589,0.9511,0.9722,0.9459,0.9996,0.9966,0.0,0.093,0.0153
rt_bin_class_svc_sklearn,optical_digits_fold_2,0.9973,0.9863,0.9783,1.0,0.973,0.9996,0.9965,0.0,0.0946,0.0154
rt_bin_class_svc_sklearn,optical_digits_fold_3,0.9929,0.9626,0.9415,1.0,0.9279,0.9998,0.9979,0.0,0.0941,0.0157
rt_bin_class_svc_sklearn,optical_digits_fold_4,0.9938,0.9677,0.9545,0.9906,0.9459,0.9999,0.9987,0.0,0.0927,0.0146
rt_bin_class_svc_sklearn,ozone_level_fold_0,0.9448,0.5758,0.5864,0.5588,0.5938,0.9495,0.5061,0.0,0.0836,0.0145
rt_bin_class_svc_sklearn,ozone_level_fold_1,0.925,0.4412,0.4573,0.4167,0.4688,0.9062,0.5118,0.0,0.0795,0.015
rt_bin_class_svc_sklearn,ozone_level_fold_2,0.929,0.5714,0.6667,0.4615,0.75,0.9343,0.6202,0.0,0.0819,0.0145
rt_bin_class_svc_sklearn,ozone_level_fold_3,0.9172,0.4167,0.4464,0.375,0.4688,0.8802,0.4149,0.0,0.079,0.0143
rt_bin_class_svc_sklearn,ozone_level_fold_4,0.9368,0.5429,0.5723,0.5,0.5938,0.9168,0.5084,0.0,0.0808,0.014
rt_bin_class_svc_sklearn,page_blocks_fold_0,0.9397,0.7609,0.8578,0.6402,0.9375,0.9806,0.8468,0.0,0.0814,0.0142
rt_bin_class_svc_sklearn,page_blocks_fold_1,0.947,0.7836,0.8692,0.6731,0.9375,0.9891,0.9059,0.0,0.0847,0.0141
rt_bin_class_svc_sklearn,page_blocks_fold_2,0.9314,0.7405,0.8601,0.6011,0.964,0.9788,0.8253,0.0,0.0781,0.0128
rt_bin_class_svc_sklearn,page_blocks_fold_3,0.9461,0.7722,0.8403,0.6803,0.8929,0.9821,0.8625,0.0,0.0828,0.0129
rt_bin_class_svc_sklearn,page_blocks_fold_4,0.957,0.8171,0.8853,0.7241,0.9375,0.9779,0.8293,0.0,0.0817,0.0138
rt_bin_class_svc_sklearn,pc1_fold_0,0.7928,0.303,0.4505,0.1961,0.6667,0.877,0.3912,0.0,0.0275,0.0138
rt_bin_class_svc_sklearn,pc1_fold_1,0.8559,0.4074,0.5556,0.2821,0.7333,0.8641,0.2076,0.0,0.027,0.0125
rt_bin_class_svc_sklearn,pc1_fold_2,0.8063,0.3385,0.4867,0.2245,0.6875,0.7846,0.1812,0.0,0.0282,0.013
rt_bin_class_svc_sklearn,pc1_fold_3,0.8288,0.3667,0.5093,0.25,0.6875,0.8623,0.2532,0.0,0.0274,0.0134
rt_bin_class_svc_sklearn,pc1_fold_4,0.7964,0.2623,0.3774,0.1739,0.5333,0.8115,0.2608,0.0,0.0274,0.0123
rt_bin_class_svc_sklearn,pen_digits_fold_0,0.9991,0.9952,0.9924,1.0,0.9905,1.0,0.9996,0.0,0.0688,0.0151
rt_bin_class_svc_sklearn,pen_digits_fold_1,0.9982,0.9906,0.9934,0.9859,0.9953,1.0,0.9999,0.0,0.0673,0.0139
rt_bin_class_svc_sklearn,pen_digits_fold_2,0.9986,0.9929,0.9943,0.9906,0.9953,1.0,0.9996,0.0,0.0693,0.0141
rt_bin_class_svc_sklearn,pen_digits_fold_3,0.9982,0.9906,0.9934,0.9859,0.9953,1.0,0.9997,0.0,0.0692,0.0137
rt_bin_class_svc_sklearn,pen_digits_fold_4,0.9995,0.9976,0.9991,0.9953,1.0,0.9997,0.9974,0.0,0.0713,0.0146
rt_bin_class_svc_sklearn,pie_chart_fold_0,0.8519,0.4667,0.4965,0.4242,0.5185,0.8119,0.3793,0.0,0.0292,0.014
rt_bin_class_svc_sklearn,pie_chart_fold_1,0.8102,0.4225,0.4934,0.3409,0.5556,0.8095,0.3483,0.0,0.0291,0.0127
rt_bin_class_svc_sklearn,pie_chart_fold_2,0.7953,0.4634,0.5938,0.3393,0.7308,0.8333,0.2921,0.0,0.0298,0.0132
rt_bin_class_svc_sklearn,pie_chart_fold_3,0.8372,0.5205,0.6169,0.413,0.7037,0.8456,0.3523,0.0,0.0293,0.014
rt_bin_class_svc_sklearn,pie_chart_fold_4,0.8186,0.4658,0.5519,0.3696,0.6296,0.8101,0.3074,0.0,0.0305,0.0137
rt_bin_class_svc_sklearn,satellite_fold_0,0.9892,0.7027,0.7927,0.5909,0.8667,0.9947,0.7057,0.0,0.0776,0.0136
rt_bin_class_svc_sklearn,satellite_fold_1,0.9902,0.6429,0.6164,0.6923,0.6,0.9254,0.7152,0.0,0.0651,0.0149
rt_bin_class_svc_sklearn,satellite_fold_2,0.9951,0.8276,0.8108,0.8571,0.8,0.9968,0.8736,0.0,0.0721,0.0143
rt_bin_class_svc_sklearn,satellite_fold_3,0.9902,0.6875,0.7143,0.6471,0.7333,0.9934,0.7333,0.0,0.0658,0.014
rt_bin_class_svc_sklearn,satellite_fold_4,0.9941,0.8,0.8,0.8,0.8,0.9631,0.7605,0.0,0.0654,0.0148
rt_bin_class_svc_sklearn,satimage_fold_0,0.8959,0.6215,0.7545,0.4803,0.88,0.9551,0.6241,0.0,0.2538,0.0158
rt_bin_class_svc_sklearn,satimage_fold_1,0.8967,0.61,0.7263,0.4815,0.832,0.952,0.6457,0.0,0.2439,0.0157
rt_bin_class_svc_sklearn,satimage_fold_2,0.8866,0.6011,0.7422,0.4564,0.88,0.9489,0.6825,0.0,0.2325,0.0154
rt_bin_class_svc_sklearn,satimage_fold_3,0.8959,0.6012,0.7103,0.4787,0.808,0.9444,0.6188,0.0,0.2754,0.0158
rt_bin_class_svc_sklearn,satimage_fold_4,0.892,0.6213,0.7651,0.473,0.9048,0.9565,0.6521,0.0,0.2614,0.0161
rt_bin_class_svc_sklearn,seismic_bumps_fold_0,0.795,0.209,0.2966,0.14,0.4118,0.6712,0.1676,0.0,0.077,0.014
rt_bin_class_svc_sklearn,seismic_bumps_fold_1,0.824,0.2087,0.2765,0.1481,0.3529,0.6896,0.2238,0.0,0.0772,0.0139
rt_bin_class_svc_sklearn,seismic_bumps_fold_2,0.882,0.3297,0.3886,0.2632,0.4412,0.6259,0.3168,0.0,0.0758,0.0133
rt_bin_class_svc_sklearn,seismic_bumps_fold_3,0.8259,0.25,0.3378,0.1744,0.4412,0.6911,0.1961,0.0,0.0738,0.0144
rt_bin_class_svc_sklearn,seismic_bumps_fold_4,0.814,0.2131,0.2902,0.1477,0.3824,0.5989,0.1304,0.0,0.0739,0.014
rt_bin_class_svc_sklearn,sick_euthyroid_fold_0,0.9242,0.7,0.8309,0.5545,0.9492,0.9636,0.6978,0.0,0.0932,0.0143
rt_bin_class_svc_sklearn,sick_euthyroid_fold_1,0.9068,0.6242,0.7335,0.5,0.8305,0.9341,0.718,0.0,0.0857,0.0146
rt_bin_class_svc_sklearn,sick_euthyroid_fold_2,0.9068,0.6289,0.744,0.5,0.8475,0.9587,0.7571,0.0,0.0911,0.0143
rt_bin_class_svc_sklearn,sick_euthyroid_fold_3,0.9272,0.6667,0.7372,0.575,0.7931,0.9482,0.7849,0.0,0.0895,0.015
rt_bin_class_svc_sklearn,sick_euthyroid_fold_4,0.9256,0.6759,0.768,0.5632,0.8448,0.9494,0.72,0.0,0.0884,0.0138
rt_bin_class_svc_sklearn,solar_flare_fold_0,0.8561,0.1667,0.2299,0.1143,0.3077,0.7794,0.1157,0.0,0.0333,0.0132
rt_bin_class_svc_sklearn,solar_flare_fold_1,0.8561,0.1304,0.1705,0.0938,0.2143,0.6553,0.0894,0.0,0.0321,0.0139
rt_bin_class_svc_sklearn,solar_flare_fold_2,0.8489,0.125,0.1667,0.0882,0.2143,0.5713,0.0656,0.0,0.0309,0.0137
rt_bin_class_svc_sklearn,solar_flare_fold_3,0.8273,0.1111,0.1562,0.075,0.2143,0.6369,0.1456,0.0,0.0317,0.0133
rt_bin_class_svc_sklearn,solar_flare_fold_4,0.8664,0.1778,0.2381,0.125,0.3077,0.5982,0.1087,0.0,0.0308,0.0133
rt_bin_class_svc_sklearn,thoracic_surgery_fold_0,0.7553,0.8553,0.8521,0.8608,0.85,0.6393,0.9166,0.0,0.0179,0.0128
rt_bin_class_svc_sklearn,thoracic_surgery_fold_1,0.7234,0.8395,0.8458,0.8293,0.85,0.4634,0.8327,0.0,0.0187,0.0128
rt_bin_class_svc_sklearn,thoracic_surgery_fold_2,0.7234,0.8312,0.8122,0.8649,0.8,0.6571,0.9235,0.0,0.0176,0.0135
rt_bin_class_svc_sklearn,thoracic_surgery_fold_3,0.7447,0.8462,0.8333,0.8684,0.825,0.5634,0.8879,0.0,0.0183,0.0129
rt_bin_class_svc_sklearn,thoracic_surgery_fold_4,0.7128,0.8163,0.7752,0.8955,0.75,0.6415,0.8825,0.0,0.0174,0.0134
rt_bin_class_svc_sklearn,thyroid_disease_fold_0,0.9801,0.8544,0.9129,0.7719,0.9565,0.9948,0.9186,0.0,0.0612,0.0143
rt_bin_class_svc_sklearn,thyroid_disease_fold_1,0.9669,0.7573,0.7992,0.6964,0.8298,0.9884,0.8585,0.0,0.0572,0.0139
rt_bin_class_svc_sklearn,thyroid_disease_fold_2,0.9748,0.8081,0.8439,0.7547,0.8696,0.9851,0.8133,0.0,0.0621,0.0135
rt_bin_class_svc_sklearn,thyroid_disease_fold_3,0.9695,0.7767,0.8299,0.7018,0.8696,0.972,0.8252,0.0,0.0542,0.0135
rt_bin_class_svc_sklearn,thyroid_disease_fold_4,0.9708,0.7963,0.874,0.6935,0.9348,0.9912,0.8691,0.0,0.0655,0.013
rt_bin_class_svc_sklearn,us_crime_fold_0,0.9098,0.561,0.6686,0.4423,0.7667,0.9229,0.5558,0.0,0.0669,0.015
rt_bin_class_svc_sklearn,us_crime_fold_1,0.9098,0.4375,0.4545,0.4118,0.4667,0.8731,0.4326,0.0,0.0657,0.0143
rt_bin_class_svc_sklearn,us_crime_fold_2,0.9098,0.4706,0.5063,0.4211,0.5333,0.9341,0.415,0.0,0.0677,0.0153
rt_bin_class_svc_sklearn,us_crime_fold_3,0.9373,0.5455,0.5172,0.6,0.5,0.9075,0.439,0.0,0.0601,0.0145
rt_bin_class_svc_sklearn,us_crime_fold_4,0.902,0.4658,0.5215,0.3953,0.5667,0.8957,0.5046,0.0,0.0682,0.0156
rt_bin_class_svc_sklearn,vowel_fold_0,1.0,1.0,1.0,1.0,1.0,1.0,1.0,0.0,0.0204,0.0129
rt_bin_class_svc_sklearn,vowel_fold_1,0.9899,0.9474,0.9783,0.9,1.0,1.0,1.0,0.0,0.0173,0.0142
rt_bin_class_svc_sklearn,vowel_fold_2,1.0,1.0,1.0,1.0,1.0,1.0,1.0,0.0,0.0176,0.0131
rt_bin_class_svc_sklearn,vowel_fold_3,1.0,1.0,1.0,1.0,1.0,1.0,1.0,0.0,0.0184,0.0129
rt_bin_class_svc_sklearn,vowel_fold_4,1.0,1.0,1.0,1.0,1.0,1.0,1.0,0.0,0.018,0.0127
rt_bin_class_svc_sklearn,wilt_fold_0,0.9855,0.8727,0.8922,0.8421,0.9057,0.9803,0.9095,0.0,0.0529,0.0139
rt_bin_class_svc_sklearn,wilt_fold_1,0.9835,0.8571,0.8955,0.8,0.9231,0.9955,0.9566,0.0,0.0538,0.0146
rt_bin_class_svc_sklearn,wilt_fold_2,0.9866,0.8829,0.9176,0.8305,0.9423,0.9955,0.9072,0.0,0.0523,0.0138
rt_bin_class_svc_sklearn,wilt_fold_3,0.9835,0.8621,0.9191,0.7812,0.9615,0.9972,0.9509,0.0,0.0551,0.0136
rt_bin_class_svc_sklearn,wilt_fold_4,0.9772,0.8197,0.8993,0.7143,0.9615,0.9962,0.9333,0.0,0.0526,0.0137
rt_bin_class_svc_sklearn,wine_quality_fold_0,0.8929,0.2953,0.4231,0.1964,0.5946,0.8308,0.1649,0.0,0.1689,0.0141
rt_bin_class_svc_sklearn,wine_quality_fold_1,0.9041,0.2656,0.3556,0.1868,0.4595,0.7859,0.183,0.0,0.1543,0.0139
rt_bin_class_svc_sklearn,wine_quality_fold_2,0.9102,0.3529,0.4858,0.2424,0.6486,0.8647,0.3516,0.0,0.166,0.0139
rt_bin_class_svc_sklearn,wine_quality_fold_3,0.9111,0.2435,0.3139,0.1772,0.3889,0.7103,0.13,0.0,0.1562,0.0134
rt_bin_class_svc_sklearn,wine_quality_fold_4,0.8968,0.2519,0.3498,0.1717,0.4722,0.8051,0.1966,0.0,0.1667,0.0145
rt_bin_class_svc_sklearn,yeast_fold_0,0.9461,0.7778,0.8333,0.7,0.875,0.9791,0.8432,0.0,0.0191,0.0136
rt_bin_class_svc_sklearn,yeast_fold_1,0.9495,0.8,0.8621,0.7143,0.9091,0.9832,0.8968,0.0,0.0194,0.0134
rt_bin_class_svc_sklearn,yeast_fold_2,0.9192,0.7073,0.8011,0.5918,0.8788,0.9676,0.7699,0.0,0.0184,0.0129
rt_bin_class_svc_sklearn,yeast_fold_3,0.9394,0.7429,0.7692,0.7027,0.7879,0.965,0.7715,0.0,0.0185,0.0124
rt_bin_class_svc_sklearn,yeast_fold_4,0.9291,0.6957,0.7273,0.6486,0.75,0.9463,0.7489,0.0,0.0176,0.0135
