algorithm,dataset,accuracy,f1_score,f2_score,precision,recall,auc_score,pr_auc_score,perc_pred_missing,train_time_in_minutes,predict_time_in_minutes
rt_bin_class_lightgbm,abalone_binarized_fold_0,0.8577,0.2788,0.2882,0.2644,0.2949,0.8133,0.2471,0.0,0.0644,0.0165
rt_bin_class_lightgbm,abalone_binarized_fold_1,0.8529,0.2807,0.2941,0.2609,0.3038,0.8179,0.2522,0.0,0.1653,0.0133
rt_bin_class_lightgbm,abalone_binarized_fold_2,0.8766,0.3355,0.3342,0.3377,0.3333,0.863,0.2961,0.0,0.0481,0.0141
rt_bin_class_lightgbm,abalone_binarized_fold_3,0.8551,0.2924,0.3086,0.2688,0.3205,0.8212,0.2818,0.0,0.0524,0.0132
rt_bin_class_lightgbm,abalone_binarized_fold_4,0.8743,0.3931,0.4177,0.3579,0.4359,0.8489,0.295,0.0,0.0551,0.0144
rt_bin_class_lightgbm,auction_fold_0,0.9927,0.972,0.9886,0.9455,1.0,1.0,1.0,0.0,0.0439,0.0137
rt_bin_class_lightgbm,auction_fold_1,0.9976,0.9905,0.9848,1.0,0.9811,1.0,1.0,0.0,0.0452,0.0137
rt_bin_class_lightgbm,auction_fold_2,0.9951,0.9811,0.9811,0.9811,0.9811,0.9997,0.998,0.0,0.0439,0.0132
rt_bin_class_lightgbm,auction_fold_3,0.9951,0.9811,0.9924,0.963,1.0,0.9979,0.9812,0.0,0.0445,0.0131
rt_bin_class_lightgbm,auction_fold_4,0.9975,0.9905,0.9962,0.9811,1.0,0.9999,0.9996,0.0,0.0474,0.0141
rt_bin_class_lightgbm,car_eval_binarized_fold_0,0.9971,0.9818,0.9926,0.9643,1.0,0.9999,0.9987,0.0,0.0508,0.0136
rt_bin_class_lightgbm,car_eval_binarized_fold_1,0.9913,0.9474,0.9783,0.9,1.0,1.0,1.0,0.0,0.055,0.0138
rt_bin_class_lightgbm,car_eval_binarized_fold_2,0.9971,0.9811,0.9701,1.0,0.963,1.0,1.0,0.0,0.0522,0.0143
rt_bin_class_lightgbm,car_eval_binarized_fold_3,0.9942,0.96,0.9375,1.0,0.9231,0.9998,0.997,0.0,0.0504,0.0139
rt_bin_class_lightgbm,car_eval_binarized_fold_4,0.9942,0.9615,0.9398,1.0,0.9259,0.9998,0.9973,0.0,0.0505,0.0138
rt_bin_class_lightgbm,chess_fold_0,0.9966,0.9545,0.9813,0.913,1.0,0.9996,0.9884,0.0,0.0396,0.0135
rt_bin_class_lightgbm,chess_fold_1,0.9948,0.9333,0.9722,0.875,1.0,0.998,0.9246,0.0,0.0398,0.0138
rt_bin_class_lightgbm,chess_fold_2,0.9897,0.875,0.9459,0.7778,1.0,0.9985,0.9575,0.0,0.0394,0.0139
rt_bin_class_lightgbm,chess_fold_3,0.9983,0.9756,0.9615,1.0,0.9524,0.9997,0.9922,0.0,0.0367,0.0135
rt_bin_class_lightgbm,chess_fold_4,0.9897,0.875,0.9459,0.7778,1.0,0.9959,0.8656,0.0,0.044,0.0143
rt_bin_class_lightgbm,climate_simulation_crashes_fold_0,0.9259,0.9588,0.9529,0.9688,0.949,0.8765,0.986,0.0,0.0412,0.0139
rt_bin_class_lightgbm,climate_simulation_crashes_fold_1,0.9259,0.9596,0.9596,0.9596,0.9596,0.8855,0.9884,0.0,0.0417,0.013
rt_bin_class_lightgbm,climate_simulation_crashes_fold_2,0.9537,0.9751,0.9839,0.9608,0.9899,0.9147,0.9898,0.0,0.0409,0.0137
rt_bin_class_lightgbm,climate_simulation_crashes_fold_3,0.9352,0.9648,0.9677,0.96,0.9697,0.9585,0.9962,0.0,0.0402,0.0141
rt_bin_class_lightgbm,climate_simulation_crashes_fold_4,0.9352,0.9655,0.98,0.9423,0.9899,0.9798,0.9982,0.0,0.0421,0.0139
rt_bin_class_lightgbm,club_loan_fold_0,0.809,0.1488,0.1184,0.2602,0.1042,0.6108,0.2154,0.0,0.073,0.0138
rt_bin_class_lightgbm,club_loan_fold_1,0.8132,0.2183,0.1813,0.3311,0.1629,0.6524,0.2588,0.0,0.0739,0.0129
rt_bin_class_lightgbm,club_loan_fold_2,0.8142,0.2426,0.2049,0.3497,0.1857,0.6247,0.2406,0.0,0.0711,0.0133
rt_bin_class_lightgbm,club_loan_fold_3,0.8094,0.2283,0.1941,0.3234,0.1765,0.6355,0.2448,0.0,0.0736,0.0143
rt_bin_class_lightgbm,club_loan_fold_4,0.799,0.1756,0.148,0.2547,0.134,0.6116,0.2214,0.0,0.0657,0.0133
rt_bin_class_lightgbm,coil_2000_fold_0,0.9344,0.1677,0.1285,0.3421,0.1111,0.7067,0.1555,0.0,0.1167,0.018
rt_bin_class_lightgbm,coil_2000_fold_1,0.9257,0.0759,0.0586,0.15,0.0508,0.6926,0.1105,0.0,0.1164,0.0171
rt_bin_class_lightgbm,coil_2000_fold_2,0.9338,0.1558,0.1188,0.3243,0.1026,0.7189,0.1682,0.0,0.1179,0.0163
rt_bin_class_lightgbm,coil_2000_fold_3,0.9252,0.087,0.0684,0.1591,0.0598,0.7415,0.1518,0.0,0.1091,0.0163
rt_bin_class_lightgbm,coil_2000_fold_4,0.9338,0.1216,0.0902,0.2903,0.0769,0.7371,0.1437,0.0,0.1159,0.0156
rt_bin_class_lightgbm,graduation_fold_0,0.8491,0.2388,0.2703,0.2,0.2963,0.5946,0.1181,0.0,0.04,0.0133
rt_bin_class_lightgbm,graduation_fold_1,0.8107,0.1351,0.1613,0.1064,0.1852,0.6581,0.1222,0.0,0.0388,0.0133
rt_bin_class_lightgbm,graduation_fold_2,0.8576,0.2727,0.3061,0.2308,0.3333,0.6743,0.1741,0.0,0.0374,0.0134
rt_bin_class_lightgbm,graduation_fold_3,0.8635,0.1786,0.1825,0.1724,0.1852,0.6368,0.1585,0.0,0.0375,0.0138
rt_bin_class_lightgbm,graduation_fold_4,0.8249,0.0635,0.0694,0.0556,0.0741,0.6557,0.1095,0.0,0.0382,0.0136
rt_bin_class_lightgbm,jm1_fold_0,0.7873,0.2995,0.2573,0.4125,0.2352,0.7195,0.3999,0.0,0.0601,0.0145
rt_bin_class_lightgbm,jm1_fold_1,0.8043,0.3808,0.3357,0.4906,0.3112,0.7179,0.3933,0.0,0.0628,0.0144
rt_bin_class_lightgbm,jm1_fold_2,0.813,0.4041,0.3546,0.5267,0.3278,0.7612,0.461,0.0,0.0665,0.0153
rt_bin_class_lightgbm,jm1_fold_3,0.7965,0.3495,0.3061,0.4577,0.2827,0.7325,0.4039,0.0,0.0579,0.015
rt_bin_class_lightgbm,jm1_fold_4,0.802,0.3955,0.3562,0.4845,0.3341,0.7366,0.4287,0.0,0.0612,0.015
rt_bin_class_lightgbm,kc1_fold_0,0.8341,0.4615,0.4615,0.4615,0.4615,0.8147,0.4479,0.0,0.0558,0.0133
rt_bin_class_lightgbm,kc1_fold_1,0.8626,0.4727,0.4262,0.5778,0.4,0.8233,0.4788,0.0,0.0564,0.013
rt_bin_class_lightgbm,kc1_fold_2,0.8507,0.4706,0.4459,0.5185,0.4308,0.7912,0.4678,0.0,0.0577,0.0145
rt_bin_class_lightgbm,kc1_fold_3,0.8436,0.4677,0.4503,0.5,0.4394,0.8115,0.4985,0.0,0.0528,0.0136
rt_bin_class_lightgbm,kc1_fold_4,0.8171,0.3419,0.3205,0.3846,0.3077,0.7502,0.4079,0.0,0.0546,0.0141
rt_bin_class_lightgbm,letter_img_fold_0,0.9982,0.9754,0.9613,1.0,0.9521,0.9999,0.9984,0.0,0.0798,0.0146
rt_bin_class_lightgbm,letter_img_fold_1,0.9978,0.9689,0.9589,0.9859,0.9524,0.9998,0.9959,0.0,0.0786,0.0149
rt_bin_class_lightgbm,letter_img_fold_2,0.9972,0.9622,0.9563,0.9722,0.9524,0.9997,0.9938,0.0,0.0764,0.0148
rt_bin_class_lightgbm,letter_img_fold_3,0.9982,0.9763,0.9783,0.973,0.9796,0.9998,0.996,0.0,0.0784,0.0154
rt_bin_class_lightgbm,letter_img_fold_4,0.9988,0.9828,0.9768,0.9931,0.9728,1.0,0.9994,0.0,0.0847,0.0149
rt_bin_class_lightgbm,mammography_fold_0,0.9844,0.7107,0.7762,0.6232,0.8269,0.9237,0.7803,0.0,0.0635,0.0127
rt_bin_class_lightgbm,mammography_fold_1,0.9866,0.7059,0.6977,0.72,0.6923,0.9315,0.7178,0.0,0.0583,0.0136
rt_bin_class_lightgbm,mammography_fold_2,0.9835,0.6783,0.7196,0.619,0.75,0.9278,0.7284,0.0,0.0626,0.0146
rt_bin_class_lightgbm,mammography_fold_3,0.9857,0.7143,0.7463,0.6667,0.7692,0.9329,0.7639,0.0,0.0556,0.0137
rt_bin_class_lightgbm,mammography_fold_4,0.9848,0.6531,0.6299,0.6957,0.6154,0.8781,0.5884,0.0,0.063,0.0141
rt_bin_class_lightgbm,optical_digits_fold_0,0.9938,0.9674,0.9541,0.9905,0.9455,0.9996,0.9966,0.0,0.086,0.0152
rt_bin_class_lightgbm,optical_digits_fold_1,0.9884,0.939,0.9158,0.9804,0.9009,0.9948,0.9903,0.0,0.082,0.0148
rt_bin_class_lightgbm,optical_digits_fold_2,0.9956,0.977,0.9636,1.0,0.955,0.9995,0.9961,0.0,0.0831,0.0148
rt_bin_class_lightgbm,optical_digits_fold_3,0.9956,0.9772,0.9692,0.9907,0.964,0.9993,0.9947,0.0,0.0862,0.016
rt_bin_class_lightgbm,optical_digits_fold_4,0.9884,0.939,0.9158,0.9804,0.9009,0.9989,0.9915,0.0,0.0855,0.015
rt_bin_class_lightgbm,ozone_level_fold_0,0.9369,0.4667,0.4487,0.5,0.4375,0.9069,0.5073,0.0,0.0767,0.0142
rt_bin_class_lightgbm,ozone_level_fold_1,0.9467,0.4255,0.3497,0.6667,0.3125,0.8872,0.5049,0.0,0.0725,0.0149
rt_bin_class_lightgbm,ozone_level_fold_2,0.9428,0.5797,0.6061,0.5405,0.625,0.9302,0.5239,0.0,0.0731,0.0143
rt_bin_class_lightgbm,ozone_level_fold_3,0.927,0.4478,0.4601,0.4286,0.4688,0.8717,0.3627,0.0,0.0722,0.0154
rt_bin_class_lightgbm,ozone_level_fold_4,0.9427,0.4727,0.4305,0.5652,0.4062,0.9347,0.5394,0.0,0.0712,0.0146
rt_bin_class_lightgbm,page_blocks_fold_0,0.9717,0.8681,0.8932,0.8293,0.9107,0.9917,0.9243,0.0,0.0476,0.0138
rt_bin_class_lightgbm,page_blocks_fold_1,0.9845,0.9251,0.9325,0.913,0.9375,0.9956,0.9642,0.0,0.0549,0.0139
rt_bin_class_lightgbm,page_blocks_fold_2,0.9653,0.843,0.887,0.7786,0.9189,0.9854,0.92,0.0,0.0513,0.0137
rt_bin_class_lightgbm,page_blocks_fold_3,0.9735,0.8676,0.8559,0.8879,0.8482,0.992,0.9218,0.0,0.0472,0.0141
rt_bin_class_lightgbm,page_blocks_fold_4,0.9671,0.8393,0.8393,0.8393,0.8393,0.9865,0.9108,0.0,0.0488,0.0141
rt_bin_class_lightgbm,pc1_fold_0,0.9189,0.4706,0.5063,0.4211,0.5333,0.871,0.4504,0.0,0.0448,0.0144
rt_bin_class_lightgbm,pc1_fold_1,0.9414,0.5185,0.4861,0.5833,0.4667,0.8535,0.566,0.0,0.0443,0.0143
rt_bin_class_lightgbm,pc1_fold_2,0.955,0.6875,0.6875,0.6875,0.6875,0.9404,0.7857,0.0,0.0482,0.0141
rt_bin_class_lightgbm,pc1_fold_3,0.9234,0.3704,0.3333,0.4545,0.3125,0.8307,0.4109,0.0,0.0455,0.0141
rt_bin_class_lightgbm,pc1_fold_4,0.9231,0.4138,0.4054,0.4286,0.4,0.8142,0.3274,0.0,0.0455,0.0143
rt_bin_class_lightgbm,pen_digits_fold_0,0.9991,0.9952,0.9924,1.0,0.9905,0.9999,0.9995,0.0,0.0736,0.0149
rt_bin_class_lightgbm,pen_digits_fold_1,0.9973,0.9856,0.9771,1.0,0.9716,0.9999,0.9996,0.0,0.0724,0.014
rt_bin_class_lightgbm,pen_digits_fold_2,0.9982,0.9904,0.9848,1.0,0.981,0.9976,0.9975,0.0,0.0806,0.0147
rt_bin_class_lightgbm,pen_digits_fold_3,0.9982,0.9905,0.9905,0.9905,0.9905,1.0,0.9998,0.0,0.0794,0.0148
rt_bin_class_lightgbm,pen_digits_fold_4,0.9968,0.9833,0.9791,0.9904,0.9763,0.9949,0.9921,0.0,0.0797,0.0149
rt_bin_class_lightgbm,pie_chart_fold_0,0.8519,0.1579,0.1261,0.2727,0.1111,0.7497,0.2779,0.0,0.0513,0.0142
rt_bin_class_lightgbm,pie_chart_fold_1,0.8657,0.383,0.3516,0.45,0.3333,0.8236,0.4486,0.0,0.0504,0.0139
rt_bin_class_lightgbm,pie_chart_fold_2,0.8279,0.3934,0.4317,0.3429,0.4615,0.8151,0.4434,0.0,0.0517,0.0133
rt_bin_class_lightgbm,pie_chart_fold_3,0.8512,0.3333,0.3101,0.381,0.2963,0.7954,0.2936,0.0,0.0521,0.0154
rt_bin_class_lightgbm,pie_chart_fold_4,0.8558,0.3922,0.3788,0.4167,0.3704,0.8254,0.3682,0.0,0.0481,0.0145
rt_bin_class_lightgbm,satellite_fold_0,0.9951,0.8387,0.8553,0.8125,0.8667,0.9987,0.9357,0.0,0.057,0.0144
rt_bin_class_lightgbm,satellite_fold_1,0.9922,0.6667,0.5797,0.8889,0.5333,0.8304,0.686,0.0,0.0551,0.0138
rt_bin_class_lightgbm,satellite_fold_2,0.9941,0.7692,0.7042,0.9091,0.6667,0.8975,0.7894,0.0,0.056,0.0147
rt_bin_class_lightgbm,satellite_fold_3,0.9931,0.7586,0.7432,0.7857,0.7333,0.8961,0.7877,0.0,0.0553,0.0144
rt_bin_class_lightgbm,satellite_fold_4,0.9941,0.75,0.6522,1.0,0.6,0.9313,0.8459,0.0,0.0564,0.0147
rt_bin_class_lightgbm,satimage_fold_0,0.9534,0.7541,0.7431,0.7731,0.736,0.9763,0.8487,0.0,0.0653,0.0137
rt_bin_class_lightgbm,satimage_fold_1,0.9456,0.693,0.6551,0.767,0.632,0.9704,0.8075,0.0,0.061,0.0148
rt_bin_class_lightgbm,satimage_fold_2,0.934,0.6743,0.6918,0.6471,0.704,0.9597,0.7787,0.0,0.0617,0.0142
rt_bin_class_lightgbm,satimage_fold_3,0.9441,0.6842,0.6468,0.7573,0.624,0.9611,0.7883,0.0,0.0661,0.0148
rt_bin_class_lightgbm,satimage_fold_4,0.951,0.7386,0.7189,0.7739,0.7063,0.9742,0.8422,0.0,0.0612,0.014
rt_bin_class_lightgbm,seismic_bumps_fold_0,0.8956,0.1818,0.1786,0.1875,0.1765,0.6919,0.1472,0.0,0.0585,0.0142
rt_bin_class_lightgbm,seismic_bumps_fold_1,0.9091,0.2985,0.2959,0.303,0.2941,0.7148,0.1618,0.0,0.0577,0.0136
rt_bin_class_lightgbm,seismic_bumps_fold_2,0.8897,0.1972,0.2023,0.1892,0.2059,0.6344,0.1684,0.0,0.0574,0.0135
rt_bin_class_lightgbm,seismic_bumps_fold_3,0.9014,0.1905,0.1818,0.2069,0.1765,0.6804,0.1979,0.0,0.0573,0.0146
rt_bin_class_lightgbm,seismic_bumps_fold_4,0.8702,0.1299,0.1397,0.1163,0.1471,0.5938,0.1233,0.0,0.0563,0.0138
rt_bin_class_lightgbm,sick_euthyroid_fold_0,0.9763,0.8837,0.9314,0.8143,0.9661,0.9841,0.9443,0.0,0.0724,0.0139
rt_bin_class_lightgbm,sick_euthyroid_fold_1,0.9731,0.8661,0.9046,0.8088,0.9322,0.9812,0.8882,0.0,0.0616,0.0146
rt_bin_class_lightgbm,sick_euthyroid_fold_2,0.9763,0.8718,0.8673,0.8793,0.8644,0.9904,0.8718,0.0,0.0642,0.0138
rt_bin_class_lightgbm,sick_euthyroid_fold_3,0.9778,0.875,0.8566,0.9074,0.8448,0.983,0.9434,0.0,0.0606,0.0143
rt_bin_class_lightgbm,sick_euthyroid_fold_4,0.9668,0.8264,0.8475,0.7937,0.8621,0.9813,0.8877,0.0,0.0597,0.0146
rt_bin_class_lightgbm,solar_flare_fold_0,0.8957,0.2162,0.2632,0.1667,0.3077,0.8129,0.1542,0.0,0.0583,0.0131
rt_bin_class_lightgbm,solar_flare_fold_1,0.9317,0.24,0.2239,0.2727,0.2143,0.7206,0.1561,0.0,0.0587,0.0138
rt_bin_class_lightgbm,solar_flare_fold_2,0.9281,0.0,0.0,0.0,0.0,0.668,0.0775,0.0,0.0604,0.0139
rt_bin_class_lightgbm,solar_flare_fold_3,0.8993,0.2222,0.2564,0.1818,0.2857,0.7592,0.1903,0.0,0.0571,0.0138
rt_bin_class_lightgbm,solar_flare_fold_4,0.9314,0.0952,0.0833,0.125,0.0769,0.707,0.1105,0.0,0.0553,0.0139
rt_bin_class_lightgbm,thoracic_surgery_fold_0,0.766,0.8625,0.8625,0.8625,0.8625,0.5469,0.8443,0.0,0.0355,0.0137
rt_bin_class_lightgbm,thoracic_surgery_fold_1,0.8617,0.9231,0.9535,0.8764,0.975,0.6058,0.8801,0.0,0.035,0.0131
rt_bin_class_lightgbm,thoracic_surgery_fold_2,0.7553,0.8571,0.8603,0.8519,0.8625,0.6129,0.9039,0.0,0.0362,0.0138
rt_bin_class_lightgbm,thoracic_surgery_fold_3,0.766,0.8659,0.8787,0.8452,0.8875,0.5375,0.8916,0.0,0.0357,0.0137
rt_bin_class_lightgbm,thoracic_surgery_fold_4,0.7553,0.8535,0.8438,0.8701,0.8375,0.6554,0.923,0.0,0.0364,0.0136
rt_bin_class_lightgbm,thyroid_disease_fold_0,0.9974,0.9778,0.9649,1.0,0.9565,0.9992,0.9918,0.0,0.0578,0.0141
rt_bin_class_lightgbm,thyroid_disease_fold_1,0.9854,0.8842,0.8898,0.875,0.8936,0.9963,0.9474,0.0,0.058,0.0144
rt_bin_class_lightgbm,thyroid_disease_fold_2,0.9867,0.8913,0.8913,0.8913,0.8913,0.9976,0.9664,0.0,0.0527,0.014
rt_bin_class_lightgbm,thyroid_disease_fold_3,0.9841,0.875,0.8974,0.84,0.913,0.9966,0.9613,0.0,0.0577,0.0139
rt_bin_class_lightgbm,thyroid_disease_fold_4,0.9854,0.8817,0.8874,0.8723,0.8913,0.9984,0.9791,0.0,0.0584,0.0136
rt_bin_class_lightgbm,us_crime_fold_0,0.9499,0.6667,0.6667,0.6667,0.6667,0.9272,0.5595,0.0,0.0782,0.0152
rt_bin_class_lightgbm,us_crime_fold_1,0.9298,0.4615,0.4225,0.5455,0.4,0.8653,0.4681,0.0,0.0781,0.0152
rt_bin_class_lightgbm,us_crime_fold_2,0.9373,0.5455,0.5172,0.6,0.5,0.9333,0.6168,0.0,0.0799,0.0147
rt_bin_class_lightgbm,us_crime_fold_3,0.9273,0.4314,0.3901,0.5238,0.3667,0.8822,0.4763,0.0,0.0765,0.0155
rt_bin_class_lightgbm,us_crime_fold_4,0.9372,0.5455,0.5172,0.6,0.5,0.8996,0.6084,0.0,0.0783,0.0154
rt_bin_class_lightgbm,vowel_fold_0,1.0,1.0,1.0,1.0,1.0,1.0,1.0,0.0,0.0385,0.0131
rt_bin_class_lightgbm,vowel_fold_1,0.9949,0.973,0.989,0.9474,1.0,0.9997,0.997,0.0,0.0392,0.0138
rt_bin_class_lightgbm,vowel_fold_2,0.9949,0.973,0.989,0.9474,1.0,0.9994,0.9938,0.0,0.0345,0.0137
rt_bin_class_lightgbm,vowel_fold_3,0.9949,0.973,0.989,0.9474,1.0,1.0,1.0,0.0,0.0356,0.0137
rt_bin_class_lightgbm,vowel_fold_4,0.9898,0.9444,0.9444,0.9444,0.9444,0.9995,0.9957,0.0,0.0366,0.0138
rt_bin_class_lightgbm,wilt_fold_0,0.9855,0.8727,0.8922,0.8421,0.9057,0.9859,0.9399,0.0,0.0561,0.0134
rt_bin_class_lightgbm,wilt_fold_1,0.9804,0.8155,0.8108,0.8235,0.8077,0.9803,0.9064,0.0,0.0522,0.0147
rt_bin_class_lightgbm,wilt_fold_2,0.9866,0.8687,0.8431,0.9149,0.8269,0.975,0.8894,0.0,0.0455,0.0138
rt_bin_class_lightgbm,wilt_fold_3,0.9845,0.8624,0.8868,0.8246,0.9038,0.9959,0.9405,0.0,0.0451,0.0139
rt_bin_class_lightgbm,wilt_fold_4,0.9835,0.8667,0.942,0.7647,1.0,0.9984,0.9712,0.0,0.0419,0.0136
rt_bin_class_lightgbm,wine_quality_fold_0,0.9582,0.4384,0.4348,0.4444,0.4324,0.8646,0.3719,0.0,0.0519,0.0134
rt_bin_class_lightgbm,wine_quality_fold_1,0.9602,0.3607,0.3198,0.4583,0.2973,0.8422,0.3003,0.0,0.0456,0.014
rt_bin_class_lightgbm,wine_quality_fold_2,0.9653,0.5,0.4749,0.5484,0.4595,0.8855,0.4266,0.0,0.0481,0.014
rt_bin_class_lightgbm,wine_quality_fold_3,0.9581,0.3492,0.3216,0.4074,0.3056,0.8342,0.3446,0.0,0.0459,0.0147
rt_bin_class_lightgbm,wine_quality_fold_4,0.9632,0.3793,0.3313,0.5,0.3056,0.8383,0.3571,0.0,0.0496,0.0138
rt_bin_class_lightgbm,yeast_fold_0,0.9461,0.7333,0.7051,0.7857,0.6875,0.9829,0.8204,0.0,0.0379,0.013
rt_bin_class_lightgbm,yeast_fold_1,0.963,0.8493,0.9012,0.775,0.9394,0.9834,0.8655,0.0,0.0382,0.0137
rt_bin_class_lightgbm,yeast_fold_2,0.9259,0.7027,0.7514,0.6341,0.7879,0.9496,0.6933,0.0,0.0372,0.013
rt_bin_class_lightgbm,yeast_fold_3,0.9293,0.6866,0.6928,0.6765,0.697,0.9426,0.7755,0.0,0.0397,0.0137
rt_bin_class_lightgbm,yeast_fold_4,0.9392,0.7188,0.7188,0.7188,0.7188,0.9285,0.7643,0.0,0.0412,0.0138
